,foot,knee,upper leg,lower leg,back,arm,hand,upper body,core and hip,head and neck,foot_count,knee_count,upper leg_count,lower leg_count,back_count,arm_count,hand_count,upper body_count,core and hip_count,head and neck_count
Kenny Battle,0,0,0,0,0,0,14,0,0,0,0,0,0,0,0,0,1,0,0,0
Marcus Webb,0,0,13,0,0,0,0,0,0,0,0,0,1,0,0,0,0,0,0,0
Corey Williams,0,0,0,0,0,0,0,0,13,0,0,0,0,0,0,0,0,0,1,0
Scott Williams,23,164,41,0,32,0,22,0,9,0,1,4,1,0,2,0,1,0,1,0
Delaney Rudd,0,84,0,0,0,0,0,0,0,0,0,1,0,0,0,0,0,0,0,0
Rodney McCray,0,36,0,0,0,0,0,0,0,0,0,1,0,0,0,0,0,0,0,0
Kevin Duckworth,312,115,0,0,0,0,0,0,0,0,3,2,0,0,0,0,0,0,0,0
Jerrod Mustaf,0,0,16,0,0,0,0,0,0,0,0,0,1,0,0,0,0,0,0,0
Henry James,0,12,0,0,0,0,0,0,0,0,0,1,0,0,0,0,0,0,0,0
Anthony Cook,0,53,0,0,0,0,0,0,0,0,0,1,0,0,0,0,0,0,0,0
Jerome Richardson / Pooh Richardson,91,0,27,0,0,0,0,0,0,0,3,0,1,0,0,0,0,0,0,0
Chris Mullin,51,108,0,22,11,0,39,0,0,0,1,2,0,1,1,0,1,0,0,0
Pervis Ellison,223,68,0,0,0,0,0,0,0,0,3,3,0,0,0,0,0,0,0,0
Keith Askins,14,26,0,0,0,0,0,0,0,0,1,1,0,0,0,0,0,0,0,0
Greg Grant,0,0,26,0,0,0,0,0,0,0,0,0,1,0,0,0,0,0,0,0
Roy Tarpley,0,46,0,0,0,0,0,0,0,0,0,2,0,0,0,0,0,0,0,0
Damon Bailey,0,340,0,0,0,0,0,0,0,0,0,1,0,0,0,0,0,0,0,0
Scott Haskin,0,0,0,0,512,0,0,0,0,0,0,0,0,0,2,0,0,0,0,0
Frank Brickowski,0,0,0,0,0,0,0,421,0,0,0,0,0,0,0,0,0,3,0,0
Geert Hammink,0,312,0,0,14,0,0,0,0,0,0,1,0,0,1,0,0,0,0,0
Dennis Scott,0,4,54,0,27,0,0,0,0,0,0,1,3,0,1,0,0,0,0,0
Lionel Simmons,0,82,0,0,0,0,0,0,0,0,0,2,0,0,0,0,0,0,0,0
Doug Christie,54,0,0,0,0,0,0,0,0,0,1,0,0,0,0,0,0,0,0,0
Anthony Bonner,10,26,0,0,0,0,0,0,0,0,1,1,0,0,0,0,0,0,0,0
Chris Childs,104,0,20,0,0,0,0,0,0,0,3,0,1,0,0,0,0,0,0,0
Glenn Rivers / Doc Rivers,26,0,0,0,0,0,0,0,0,0,1,0,0,0,0,0,0,0,0,0
Eric Floyd / Sleepy Floyd,0,71,0,0,0,0,0,0,0,0,0,3,0,0,0,0,0,0,0,0
Chris Jent,0,0,0,0,76,0,0,0,0,0,0,0,0,0,2,0,0,0,0,0
Darnell Mee,66,0,0,0,0,0,0,0,0,0,3,0,0,0,0,0,0,0,0,0
John Williams (S.),0,33,0,0,0,0,0,0,0,0,0,1,0,0,0,0,0,0,0,0
Ivano Newbill,36,11,37,0,0,0,0,0,0,0,1,1,1,0,0,0,0,0,0,0
Eric Riley,33,102,0,0,0,0,0,0,0,39,3,2,0,0,0,0,0,0,0,1
Rich King,0,333,0,0,0,0,0,0,0,0,0,3,0,0,0,0,0,0,0,0
Aaron Swinson,12,17,0,0,0,0,0,0,0,0,1,1,0,0,0,0,0,0,0,0
Charles Shackleford,0,0,0,0,70,0,0,0,0,0,0,0,0,0,2,0,0,0,0,0
Dwayne Morton,0,0,0,0,0,0,28,0,0,0,0,0,0,0,0,0,1,0,0,0
Rick Mahorn,122,0,0,0,27,0,0,0,0,0,2,0,0,0,1,0,0,0,0,0
Doug Lee,0,34,0,0,41,0,0,0,0,0,0,1,0,0,1,0,0,0,0,0
Steve Scheffler,267,31,14,0,0,0,0,0,0,0,4,1,1,0,0,0,0,0,0,0
Tony Bennett,168,0,0,0,0,0,0,0,0,0,1,0,0,0,0,0,0,0,0,0
Negele Knight,43,0,0,0,50,0,0,0,0,0,2,0,0,0,1,0,0,0,0,0
Terry Porter (b. 1963-04-08),106,19,0,18,0,0,0,0,0,0,1,1,0,1,0,0,0,0,0,0
Eric Murdock,0,54,0,0,0,0,0,0,0,18,0,1,0,0,0,0,0,0,0,1
Jim McIlvaine,12,0,0,0,0,0,0,44,0,0,1,0,0,0,0,0,0,1,0,0
Kenny Walker,0,74,0,0,0,0,0,0,0,0,0,2,0,0,0,0,0,0,0,0
Bill Wennington,55,0,0,23,123,26,0,0,0,0,4,0,0,3,3,2,0,0,0,0
Jud Buechler,17,40,0,0,25,0,0,0,0,0,1,2,0,0,2,0,0,0,0,0
Brad Daugherty,0,0,0,0,513,0,0,0,0,0,0,0,0,0,2,0,0,0,0,0
Brent Price,0,397,0,0,29,56,0,0,0,0,0,6,0,0,1,1,0,0,0,0
John Battle,0,33,0,0,0,0,0,0,0,0,0,1,0,0,0,0,0,0,0,0
Gerald Wilkins,371,0,0,43,115,0,0,0,0,0,2,0,0,1,1,0,0,0,0,0
Tom Tolbert,118,0,0,0,0,0,0,0,0,0,2,0,0,0,0,0,0,0,0,0
Joe Courtney,0,0,0,0,0,0,0,59,0,0,0,0,0,0,0,0,0,3,0,0
Craig Ehlo,0,58,0,0,0,0,0,0,0,0,0,3,0,0,0,0,0,0,0,0
Jay Humphries,0,30,0,0,0,0,0,0,0,0,0,1,0,0,0,0,0,0,0,0
Stanley Roberts,389,0,63,0,116,0,0,11,0,0,2,0,1,0,2,0,0,1,0,0
Gary Grant,0,236,21,0,132,0,0,0,0,0,0,4,1,0,2,0,0,0,0,0
Bob Martin,32,0,0,0,0,0,0,0,0,0,1,0,0,0,0,0,0,0,0,0
Tony Harris,0,16,0,0,13,0,0,0,0,0,0,1,0,0,1,0,0,0,0,0
Blair Rasmussen,0,0,0,0,511,0,0,0,0,0,0,0,0,0,2,0,0,0,0,0
Roy Hinson,0,338,0,0,0,0,0,0,0,0,0,1,0,0,0,0,0,0,0,0
Vinny Del Negro,32,0,15,0,0,15,0,0,0,0,3,0,1,0,0,1,0,0,0,0
Charles Barkley,0,142,6,0,0,0,0,0,16,0,0,2,1,0,0,0,0,0,1,0
Micheal Williams,692,0,54,0,0,0,0,0,0,0,4,0,1,0,0,0,0,0,0,0
Michael Adams,0,0,134,34,0,0,0,0,0,0,0,0,3,2,0,0,0,0,0,0
Yinka Dare,42,327,0,0,0,0,0,0,0,0,1,1,0,0,0,0,0,0,0,0
Antonio Lang,0,292,0,0,83,0,0,0,0,0,0,4,0,0,1,0,0,0,0,0
Sherman Douglas,113,26,20,0,0,0,0,0,0,0,1,1,2,0,0,0,0,0,0,0
Luc Longley,117,83,49,0,0,0,0,41,0,0,1,5,1,0,0,0,0,1,0,0
Larry Krystkowiak,0,283,0,0,0,0,0,0,0,0,0,3,0,0,0,0,0,0,0,0
Anthony Tucker,0,36,0,0,166,0,0,0,0,0,0,1,0,0,1,0,0,0,0,0
LaPhonso Ellis,28,239,19,51,53,0,0,0,0,0,2,3,1,1,1,0,0,0,0,0
Rod Strickland,0,0,46,0,85,0,19,0,0,0,0,0,2,0,1,0,1,0,0,0
Terry Cummings,0,0,39,0,0,0,0,0,11,0,0,0,1,0,0,0,0,0,1,0
Kevin Johnson,0,51,16,0,0,0,0,0,24,0,0,1,1,0,0,0,0,0,1,0
Ron Grandison / Ronnie Grandison,53,37,0,0,0,4,15,0,22,0,1,2,0,0,0,1,1,0,1,0
Gheorghe Muresan,0,223,0,0,0,0,0,0,11,0,0,3,0,0,0,0,0,0,1,0
Charlie Ward,0,66,0,0,0,26,34,0,14,0,0,2,0,0,0,1,2,0,1,0
Kenny Gattison,0,11,0,0,0,0,0,0,0,184,0,1,0,0,0,0,0,0,0,3
Rodney Dent,0,312,0,0,0,0,0,0,0,0,0,1,0,0,0,0,0,0,0,0
Kevin Edwards,357,201,0,0,0,4,10,0,0,0,2,2,0,0,0,1,1,0,0,0
Manute Bol,0,77,0,0,0,0,0,0,0,0,0,1,0,0,0,0,0,0,0,0
Corie Blount,11,72,11,0,0,0,33,0,19,0,1,2,1,0,0,0,1,0,2,0
Reggie Williams,0,52,23,91,0,0,0,0,0,0,0,3,1,2,0,0,0,0,0,0
Aaron McKie,0,0,1,0,0,0,36,40,0,0,0,0,1,0,0,0,1,2,0,0
Willie Anderson,0,0,0,0,0,24,0,0,0,0,0,0,0,0,0,1,0,0,0,0
Antonio Davis,0,0,0,0,86,0,0,0,0,0,0,0,0,0,2,0,0,0,0,0
Henry Turner,63,0,0,0,0,0,0,0,0,0,1,0,0,0,0,0,0,0,0,0
James Edwards,36,0,9,0,57,0,0,0,49,0,2,0,1,0,2,0,0,0,1,0
Julius Nwosu,0,0,0,100,0,0,0,0,0,0,0,0,0,1,0,0,0,0,0,0
Oliver Miller,55,0,0,0,75,0,38,0,0,0,2,0,0,0,1,0,2,0,0,0
Don MacLean,42,245,26,0,11,0,0,0,31,0,1,4,1,0,1,0,0,0,1,0
Dino Radja,52,96,0,0,0,0,28,0,0,0,1,1,0,0,0,0,1,0,0,0
Trevor Wilson,0,46,0,0,0,26,0,0,0,0,0,1,0,0,0,1,0,0,0,0
Mark West (Andre),0,98,0,0,18,0,0,0,0,0,0,3,0,0,1,0,0,0,0,0
Stacey King,133,0,0,0,0,0,0,0,0,0,5,0,0,0,0,0,0,0,0,0
Ricky Pierce,211,0,0,0,95,0,0,0,0,0,1,0,0,0,2,0,0,0,0,0
Chris Webber,49,112,6,1,18,0,0,147,0,0,2,1,1,1,3,0,0,3,0,0
Charles Oakley,60,0,0,0,0,0,39,79,0,5,1,0,0,0,0,0,1,1,0,1
Andres Guibert,0,0,0,0,272,0,0,0,0,0,0,0,0,0,2,0,0,0,0,0
David Benoit,185,0,0,0,0,0,0,49,0,0,3,0,0,0,0,0,0,2,0,0
Herb Williams,0,0,0,0,0,0,43,0,0,0,0,0,0,0,0,0,1,0,0,0
Lindsey Hunter,104,0,12,27,0,0,0,0,0,0,2,0,1,1,0,0,0,0,0,0
Steve Henson,195,0,12,0,75,0,37,0,0,0,2,0,1,0,1,0,1,0,0,0
Acie Earl,0,0,0,0,14,0,11,0,0,0,0,0,0,0,1,0,1,0,0,0
Sedale Threatt,22,0,0,0,0,0,0,0,0,0,1,0,0,0,0,0,0,0,0,0
Carlos Rogers,12,110,0,0,58,0,29,0,0,14,1,4,0,0,3,0,1,0,0,1
Jeff Turner,0,95,0,0,0,0,0,0,0,0,0,4,0,0,0,0,0,0,0,0
Moses Malone,268,0,0,0,0,0,0,0,0,0,1,0,0,0,0,0,0,0,0,0
Tom Hammonds,32,31,0,0,0,0,0,0,0,0,1,2,0,0,0,0,0,0,0,0
Felton Spencer,314,89,0,0,0,0,0,0,45,0,3,2,0,0,0,0,0,0,1,0
Derek Strong,85,48,0,0,17,0,0,19,0,0,2,1,0,0,1,0,0,1,0,0
Mark Price,138,0,0,0,0,0,90,0,0,0,2,0,0,0,0,0,3,0,0,0
Sam Bowie,0,0,0,0,0,0,15,0,0,0,0,0,0,0,0,0,1,0,0,0
Sean Higgins,59,0,0,0,0,0,56,0,0,0,2,0,0,0,0,0,2,0,0,0
Carl Herrera,0,0,41,0,0,0,0,19,0,0,0,0,3,0,0,0,0,2,0,0
Chris Smith (G.),12,0,0,0,0,0,0,0,0,0,1,0,0,0,0,0,0,0,0,0
Rex Chapman,66,0,0,0,0,0,57,0,0,0,2,0,0,0,0,0,3,0,0,0
Danny Manning,0,337,0,0,119,0,0,0,0,0,0,2,0,0,2,0,0,0,0,0
Cedric Ceballos,0,57,0,13,0,0,105,0,0,0,0,1,0,1,0,0,2,0,0,0
Robert Horry,2,75,0,0,9,0,0,0,41,21,1,3,0,0,1,0,0,0,5,1
B.J. Tyler,0,0,172,0,0,0,0,25,11,0,0,0,1,0,0,0,0,1,1,0
Clarence Weatherspoon,67,0,0,16,0,0,0,0,0,0,2,0,0,1,0,0,0,0,0,0
LaSalle Thompson,17,0,0,0,0,0,0,232,0,0,1,0,0,0,0,0,0,1,0,0
Rony Seikaly,31,56,0,0,0,0,32,0,0,0,2,1,0,0,0,0,1,0,0,0
Elmore Spencer,229,0,0,0,0,0,0,0,0,0,1,0,0,0,0,0,0,0,0,0
Doug Smith,36,44,0,0,0,0,43,0,0,0,1,2,0,0,0,0,1,0,0,0
Tim Breaux,10,10,0,0,30,0,0,0,0,0,1,1,0,0,2,0,0,0,0,0
Reggie Slater,0,246,0,0,0,0,0,0,0,0,0,2,0,0,0,0,0,0,0,0
Eddie Jones,55,41,1,0,0,0,25,66,0,0,4,2,1,0,0,0,1,2,0,0
Zan Tabak,125,0,0,0,92,0,34,0,0,0,4,0,0,0,2,0,2,0,0,0
Dontonio Wingfield,0,20,0,0,203,0,92,0,0,0,0,1,0,0,2,0,3,0,0,0
Jeff Malone,212,50,0,0,0,0,0,0,0,0,2,1,0,0,0,0,0,0,0,0
David Wesley,23,56,0,0,0,0,0,0,16,0,1,1,0,0,0,0,0,0,1,0
George Lynch,120,25,0,0,0,0,0,0,87,0,2,2,0,0,0,0,0,0,1,0
Bill Curley,220,171,137,0,0,0,1,0,0,0,2,1,1,0,0,0,1,0,0,0
Robert Pack,74,52,97,0,0,0,127,18,0,0,2,1,3,0,0,0,2,1,0,0
Pat Durham,9,0,0,0,0,0,0,0,0,0,1,0,0,0,0,0,0,0,0,0
Jim Les,218,0,0,0,0,0,0,0,0,0,1,0,0,0,0,0,0,0,0,0
Jim Jackson,239,29,0,0,0,0,0,0,0,0,2,2,0,0,0,0,0,0,0,0
Khalid Reeves,50,0,0,0,8,0,0,0,0,0,3,0,0,0,1,0,0,0,0,0
Charles Smith (Daniel),0,165,0,0,0,0,0,0,0,0,0,3,0,0,0,0,0,0,0,0
Larry Stewart,9,0,0,0,0,0,0,0,0,0,1,0,0,0,0,0,0,0,0,0
Wayman Tisdale,0,0,0,0,0,0,0,58,10,0,0,0,0,0,0,0,0,2,1,0
Scott Skiles,0,0,0,0,0,0,205,0,0,0,0,0,0,0,0,0,1,0,0,0
Dickey Simpkins,35,0,0,0,9,0,0,38,0,0,3,0,0,0,1,0,0,1,0,0
Tim Hardaway Sr.,8,54,0,0,0,0,203,0,0,0,2,2,0,0,0,0,1,0,0,0
Malik Sealy,36,0,0,0,0,0,46,0,202,0,2,0,0,0,0,0,1,0,1,0
Dennis Rodman,0,0,0,22,0,0,0,25,0,0,0,0,0,1,0,0,0,1,0,0
Randolph Keys,0,0,0,0,0,0,0,0,200,0,0,0,0,0,0,0,0,0,1,0
Vincent Askew,37,15,18,0,19,0,0,0,0,0,3,1,1,0,1,0,0,0,0,0
Willie Burton,198,5,0,7,0,0,0,0,0,0,1,1,0,1,0,0,0,0,0,0
Ledell Eackles,9,0,0,0,0,0,0,9,0,0,1,0,0,0,0,0,0,1,0,0
Bill Cartwright,0,0,0,0,0,21,0,0,0,0,0,0,0,0,0,1,0,0,0,0
Charles Smith / Tony Smith,0,0,16,0,0,0,0,0,0,0,0,0,1,0,0,0,0,0,0,0
Rick Fox,283,0,0,0,0,0,0,0,0,0,2,0,0,0,0,0,0,0,0,0
Vernell Coles / Bimbo Coles,59,197,253,0,0,0,116,0,0,0,2,2,2,0,0,0,2,0,0,0
Chris Morris,0,0,11,0,0,0,0,25,0,0,0,0,1,0,0,0,0,1,0,0
Kendall Gill,41,0,0,0,0,0,100,0,0,96,2,0,0,0,0,0,2,0,0,2
Scott Burrell,221,48,0,0,0,0,0,110,0,0,3,1,0,0,0,0,0,1,0,0
Terrell Brandon,64,46,0,186,12,0,0,0,0,0,2,2,0,1,1,0,0,0,0,0
Wayne Rollins / Tree Rollins,0,0,0,0,10,0,0,0,0,0,0,0,0,0,1,0,0,0,0,0
Kurt Rambis,0,0,0,0,180,0,0,0,0,0,0,0,0,0,1,0,0,0,0,0
Mark Randall,0,177,0,0,0,0,0,0,0,0,0,1,0,0,0,0,0,0,0,0
Benoit Benjamin,0,0,0,0,176,0,0,0,0,0,0,0,0,0,1,0,0,0,0,0
Brooks Thompson,0,0,0,0,59,0,0,0,8,0,0,0,0,0,1,0,0,0,1,0
Victor Alexander,281,61,0,0,12,0,0,0,0,0,3,1,0,0,1,0,0,0,0,0
Bobby Hurley,0,0,10,0,171,0,0,0,0,0,0,0,1,0,1,0,0,0,0,0
Derek Harper,3,0,0,0,0,0,0,0,0,0,1,0,0,0,0,0,0,0,0,0
Hakeem Olajuwon,11,85,81,0,0,0,0,0,0,1,1,2,3,0,0,0,0,0,0,1
Mario Bennett,0,122,0,0,0,0,0,0,0,0,0,1,0,0,0,0,0,0,0,0
John Coker,153,0,0,0,0,0,0,0,0,0,2,0,0,0,0,0,0,0,0,0
Nate McMillan,21,124,84,0,0,0,0,0,9,0,1,3,2,0,0,0,0,0,1,0
Donnie Boyce,0,0,129,0,0,0,0,0,0,0,0,0,1,0,0,0,0,0,0,0
Andrew DeClercq,86,99,10,0,0,0,0,0,0,0,2,2,1,0,0,0,0,0,0,0
Derrick McKey,203,52,14,11,12,0,0,0,0,0,4,1,1,1,2,0,0,0,0,0
Shaquille O'Neal,83,141,41,37,0,0,86,13,9,0,4,5,1,2,0,0,2,1,2,0
Donald Hodge,0,0,0,0,0,0,62,0,0,0,0,0,0,0,0,0,1,0,0,0
Robert Werdann / Rob Werdann,126,0,0,0,0,0,0,0,0,0,1,0,0,0,0,0,0,0,0,0
Rastko Cvetkovic,49,0,0,0,0,0,0,0,0,0,1,0,0,0,0,0,0,0,0,0
Rik Smits,98,0,0,0,0,0,0,0,0,0,2,0,0,0,0,0,0,0,0,0
Darrell Armstrong,20,4,103,0,0,0,0,67,0,0,1,1,4,0,0,0,0,1,0,0
Rodney Zimmerman,0,0,0,0,0,0,0,64,0,0,0,0,0,0,0,0,0,1,0,0
Stephen Bardo / Steve Bardo,0,38,0,0,0,0,0,0,0,0,0,2,0,0,0,0,0,0,0,0
Tony Massenburg,50,0,0,0,0,0,9,0,0,0,1,0,0,0,0,0,1,0,0,0
Vincenzo Esposito,0,0,56,0,0,0,0,0,0,0,0,0,2,0,0,0,0,0,0,0
Mark Bryant,26,65,17,0,0,0,9,0,0,0,1,3,2,0,0,0,1,0,0,0
Clint McDaniel,0,122,0,0,9,0,0,0,0,0,0,2,0,0,1,0,0,0,0,0
Buck Williams,0,50,0,0,0,0,25,0,0,0,0,1,0,0,0,0,1,0,0,0
Doug Edwards,20,0,0,43,0,0,0,0,74,0,1,0,0,1,0,0,0,0,1,0
Corliss Williamson,0,0,0,0,41,0,0,0,0,0,0,0,0,0,2,0,0,0,0,0
Jack Haley,12,169,0,15,0,0,0,0,0,0,1,1,0,1,0,0,0,0,0,0
LeRon Ellis,0,13,0,0,0,0,0,0,0,0,0,1,0,0,0,0,0,0,0,0
Tyrone Bogues / Muggsy Bogues,0,358,32,0,0,0,0,0,0,0,0,5,2,0,0,0,0,0,0,0
James Donaldson,0,0,172,0,0,0,0,0,0,0,0,0,1,0,0,0,0,0,0,0
Rich Manning,9,0,4,0,0,0,0,0,0,24,1,0,1,0,0,0,0,0,0,1
Tyrone Hill,13,0,0,0,186,0,22,0,0,0,1,0,0,0,2,0,2,0,0,0
Christian Laettner,98,9,54,0,0,0,0,0,23,0,4,1,2,0,0,0,0,0,1,0
Dell Demps,0,0,0,0,105,0,0,0,0,0,0,0,0,0,4,0,0,0,0,0
Dee Brown (a),21,281,0,0,40,0,0,0,0,0,1,3,0,0,2,0,0,0,0,0
Duane Ferrell,0,53,15,84,16,0,0,0,0,0,0,1,1,4,1,0,0,0,0,0
Greg Ostertag,0,2,33,0,0,0,38,0,0,0,0,1,1,0,0,0,1,0,0,0
Joe Dumars,0,0,24,9,0,0,0,12,0,0,0,0,3,1,0,0,0,1,0,0
Matt Fish,0,0,0,0,29,0,0,0,14,0,0,0,0,0,1,0,0,0,1,0
Frankie King,0,0,0,0,150,0,0,0,0,0,0,0,0,0,1,0,0,0,0,0
Harvey Grant,11,0,0,0,0,0,0,0,0,0,1,0,0,0,0,0,0,0,0,0
Ashraf Amaya,0,36,0,0,0,0,0,0,0,0,0,2,0,0,0,0,0,0,0,0
Eric Montross,31,52,0,3,0,9,0,0,0,0,1,1,0,1,0,1,0,0,0,0
Adrian Caldwell,29,12,0,0,0,0,0,0,0,0,1,1,0,0,0,0,0,0,0,0
Fred Hoiberg,26,0,80,0,145,0,0,0,0,0,1,0,2,0,4,0,0,0,0,0
Cory Alexander,110,0,0,0,0,0,0,0,0,0,2,0,0,0,0,0,0,0,0,0
Derrick Alston,0,0,0,0,0,8,0,0,0,0,0,0,0,0,0,1,0,0,0,0
Rodney Rogers,31,51,0,24,0,0,11,0,0,0,1,1,0,1,0,0,1,0,0,0
Jason Caffey,120,20,0,0,2,0,0,0,23,0,3,3,0,0,1,0,0,0,2,0
Jamie Watson,153,38,0,0,0,0,0,0,0,0,2,1,0,0,0,0,0,0,0,0
Byron Houston,77,0,0,0,29,0,0,0,0,0,2,0,0,0,1,0,0,0,0,0
Antonio Harvey,0,205,0,0,15,0,0,0,18,0,0,5,0,0,1,0,0,0,1,0
Ed Stokes,30,0,0,0,0,0,0,0,0,0,2,0,0,0,0,0,0,0,0,0
Richard Dumas,0,25,0,0,0,0,0,0,0,0,0,2,0,0,0,0,0,0,0,0
Jamal Mashburn,0,224,136,0,0,0,55,0,0,18,0,2,2,0,0,0,1,0,0,1
Detlef Schrempf,34,0,43,0,0,0,0,0,0,94,1,0,1,0,0,0,0,0,0,1
Alonzo Mourning,47,99,0,0,0,0,0,0,1,0,3,3,0,0,0,0,0,0,1,0
Dwayne Schintzius,66,21,0,0,21,0,67,0,0,0,2,1,0,0,1,0,1,0,0,0
Predrag Danilovic / Sasha Danilovic,35,0,0,0,0,0,123,0,0,0,1,0,0,0,0,0,1,0,0,0
Eric Williams,44,193,90,21,0,0,0,0,0,0,3,3,1,1,0,0,0,0,0,0
Travis Best,53,0,14,0,0,0,0,0,0,0,3,0,1,0,0,0,0,0,0,0
Michael Smith (John) (Providence),8,0,0,0,0,14,70,20,0,0,1,0,0,0,0,1,1,1,0,0
Alton Lister,0,32,13,0,0,0,0,106,0,0,0,1,1,0,0,0,0,3,0,0
Calbert Cheaney,11,22,66,0,0,0,0,0,0,0,1,1,2,0,0,0,0,0,0,0
J.R. Reid,23,32,0,0,0,0,0,0,0,0,1,2,0,0,0,0,0,0,0,0
Randolph Childress,0,0,61,0,0,0,0,104,0,0,0,0,1,0,0,0,0,1,0,0
Lucious Harris,0,0,0,0,46,0,81,0,0,23,0,0,0,0,2,0,2,0,0,2
Horace Grant,0,26,18,8,0,0,0,0,0,0,0,1,1,1,0,0,0,0,0,0
John Amaechi,0,0,0,0,0,0,0,95,0,0,0,0,0,0,0,0,0,1,0,0
Mario Elie,0,0,0,0,0,0,102,0,0,0,0,0,0,0,0,0,2,0,0,0
Jon Koncak,3,159,14,0,0,0,0,0,0,0,1,2,1,0,0,0,0,0,0,0
Fred Roberts,0,0,0,0,78,31,0,0,0,0,0,0,0,0,1,1,0,0,0,0
Mark Macon,0,0,0,0,0,0,0,71,0,0,0,0,0,0,0,0,0,1,0,0
Sarunas Marciulionis,0,163,18,0,0,0,0,0,0,0,0,2,1,0,0,0,0,0,0,0
Lorenzo Williams,91,242,59,0,0,0,0,0,0,18,1,3,2,0,0,0,0,0,0,1
Gerald Glass,6,0,0,0,0,0,0,0,0,0,1,0,0,0,0,0,0,0,0,0
Eric Mobley,19,35,56,0,0,0,0,0,0,0,1,1,1,0,0,0,0,0,0,0
Charles Jones (b. 1957-04-03),48,0,0,0,91,0,0,0,0,0,1,0,0,0,5,0,0,0,0,0
Jerome Allen,0,28,0,0,0,0,0,0,0,0,0,1,0,0,0,0,0,0,0,0
Dwayne Whitfield,0,14,0,0,0,0,0,0,0,0,0,2,0,0,0,0,0,0,0,0
Clyde Drexler,0,42,25,0,0,0,0,11,0,0,0,2,1,0,0,0,0,1,0,0
Sherell Ford,0,10,17,0,0,0,0,0,0,0,0,1,1,0,0,0,0,0,0,0
Terrence Rencher,52,0,0,0,0,0,0,0,0,0,1,0,0,0,0,0,0,0,0,0
Sam Cassell,54,0,11,22,20,38,0,0,3,0,3,0,2,1,4,1,0,0,1,0
Keith Tower,0,0,0,0,38,0,17,0,0,0,0,0,0,0,1,0,1,0,0,0
Derrick Coleman,61,104,36,45,0,0,65,0,0,0,2,2,1,1,0,0,2,0,0,0
Sam Mitchell,7,0,0,0,0,0,0,0,0,0,1,0,0,0,0,0,0,0,0,0
Kenny Anderson,159,0,14,46,1,0,0,0,0,35,3,0,1,2,1,0,0,0,0,1
Tim Perry,0,46,0,0,0,0,0,0,0,0,0,1,0,0,0,0,0,0,0,0
Brian Shaw,28,22,8,0,0,0,13,0,0,0,2,1,1,0,0,0,1,0,0,0
Harold Miner,0,38,0,0,0,0,0,0,0,0,0,1,0,0,0,0,0,0,0,0
Alvin Robertson,8,0,0,0,0,0,0,0,0,0,1,0,0,0,0,0,0,0,0,0
Andrew Lang,46,48,12,13,0,0,20,0,0,0,2,1,1,1,0,0,1,0,0,0
Doug West,88,0,0,0,0,0,17,21,50,0,3,0,0,0,0,0,1,1,1,0
Sharone Wright,0,0,0,0,31,129,0,28,0,0,0,0,0,0,1,1,0,1,0,0
Eddie Johnson (Arnet),0,48,0,0,66,0,0,0,0,0,0,2,0,0,1,0,0,0,0,0
Rasheed Wallace,93,5,0,0,0,0,66,0,0,0,4,1,0,0,0,0,2,0,0,0
Mahmoud Abdul-Rauf / Chris Jackson,25,0,0,0,15,0,0,0,0,0,1,0,0,0,1,0,0,0,0,0
Darrick Martin,0,12,0,0,0,0,15,20,0,0,0,1,0,0,0,0,1,1,0,0
John Salley,0,0,12,0,0,0,0,0,0,0,0,0,1,0,0,0,0,0,0,0
Melvin Booker,0,0,0,0,15,0,0,0,0,0,0,0,0,0,1,0,0,0,0,0
Tracy Moore,0,0,0,0,35,0,0,0,0,0,0,0,0,0,2,0,0,0,0,0
Brian Williams / Bison Dele,0,10,0,0,0,0,0,0,0,0,0,1,0,0,0,0,0,0,0,0
David Vaughn (III),0,67,22,0,0,0,0,0,0,0,0,3,1,0,0,0,0,0,0,0
Reggie Miller,29,0,0,0,0,0,32,0,0,7,1,0,0,0,0,0,1,0,0,1
Anthony Miller / Pig Miller,0,7,0,0,10,0,0,0,0,0,0,2,0,0,1,0,0,0,0,0
Darryl Johnson,0,0,0,0,6,0,0,0,0,0,0,0,0,0,1,0,0,0,0,0
Ron Harper,3,76,0,0,9,0,0,0,0,0,1,2,0,0,1,0,0,0,0,0
Chris Gatling,0,2,38,0,0,0,0,0,0,0,0,1,1,0,0,0,0,0,0,0
Chuck Person,23,45,0,0,210,0,0,0,0,0,2,1,0,0,4,0,0,0,0,0
David Robinson,117,8,0,0,58,0,0,0,0,0,1,1,0,0,3,0,0,0,0,0
Marcus Brown,0,0,102,0,0,0,0,74,0,0,0,0,2,0,0,0,0,1,0,0
Jermaine O'Neal,22,223,11,12,2,0,58,44,5,0,4,12,4,1,1,0,1,1,2,0
Aleksandar Djordjevic,27,0,0,0,0,0,0,0,0,0,1,0,0,0,0,0,0,0,0,0
Samaki Walker,125,0,12,0,10,24,0,16,0,0,6,0,1,0,1,1,0,1,0,0
Mike Peplowski,0,171,0,0,0,0,0,0,0,0,0,1,0,0,0,0,0,0,0,0
Keith Jennings,0,171,0,0,0,0,0,0,0,0,0,1,0,0,0,0,0,0,0,0
Don Reid,170,11,0,0,13,0,0,0,0,0,1,1,0,0,1,0,0,0,0,0
Litterial Green,0,0,54,0,0,0,0,0,0,0,0,0,2,0,0,0,0,0,0,0
Mark Hughes,0,0,0,0,0,0,23,0,0,0,0,0,0,0,0,0,1,0,0,0
Greg Graham,0,29,36,0,0,0,0,0,0,0,0,2,2,0,0,0,0,0,0,0
John Williams / Hot Rod Williams,26,0,0,0,0,0,0,0,0,0,1,0,0,0,0,0,0,0,0,0
Virginius Praskevicius,109,0,0,0,0,0,0,0,0,0,1,0,0,0,0,0,0,0,0,0
Anthony Harris,3,0,0,0,0,0,0,0,0,0,1,0,0,0,0,0,0,0,0,0
Marcus Mann,0,0,0,0,343,0,0,0,0,0,0,0,0,0,2,0,0,0,0,0
Brian Evans,0,0,0,0,0,0,0,83,0,0,0,0,0,0,0,0,0,1,0,0
Kevin Salvadori,51,72,0,0,0,0,0,0,0,0,2,3,0,0,0,0,0,0,0,0
Amal McCaskill,0,80,0,60,10,5,0,0,0,0,0,2,0,1,1,1,0,0,0,0
Martyn Norris / Moochie Norris,84,0,60,0,0,0,0,0,0,0,5,0,1,0,0,0,0,0,0,0
Tim Legler,0,133,130,0,0,0,0,0,0,0,0,2,3,0,0,0,0,0,0,0
Thomas Hamilton,0,0,47,0,11,0,0,0,0,0,0,0,1,0,1,0,0,0,0,0
Shawnelle Scott,0,147,0,0,0,0,0,0,0,0,0,3,0,0,0,0,0,0,0,0
Zydrunas Ilgauskas,473,0,0,0,14,0,0,0,0,0,7,0,0,0,1,0,0,0,0,0
Greg Minor,73,0,0,0,0,0,0,0,8,0,3,0,0,0,0,0,0,0,2,0
Steve Hamer,0,92,0,0,0,0,0,0,0,0,0,1,0,0,0,0,0,0,0,0
Brent Barry,29,0,0,46,8,0,65,0,0,0,3,0,0,3,1,0,2,0,0,0
Jerome Kersey,107,0,0,0,0,0,0,43,0,0,3,0,0,0,0,0,0,1,0,0
Eric Leckner,67,0,0,0,0,0,0,0,0,0,1,0,0,0,0,0,0,0,0,0
Dontae' Jones,171,0,94,0,0,0,0,0,0,0,1,0,2,0,0,0,0,0,0,0
Rafael Addison,0,0,57,0,0,0,0,0,0,0,0,0,1,0,0,0,0,0,0,0
Tony Farmer,0,24,0,0,0,0,0,68,0,0,0,1,0,0,0,0,0,1,0,0
Martin Muursepp,25,51,0,0,0,0,0,0,0,0,1,1,0,0,0,0,0,0,0,0
Chris Robinson,36,0,48,0,13,0,0,0,0,0,1,0,2,0,1,0,0,0,0,0
Carlos Strong,0,0,0,0,91,0,0,0,0,0,0,0,0,0,1,0,0,0,0,0
Lou Roe,10,32,28,0,14,0,0,0,0,0,1,1,2,0,1,0,0,0,0,0
Ken Norman,0,0,0,0,71,0,0,0,0,0,0,0,0,0,2,0,0,0,0,0
Randy Livingston,0,14,0,0,0,0,0,0,0,0,0,1,0,0,0,0,0,0,0,0
Jerome Williams,40,100,0,0,0,0,39,0,0,0,2,1,0,0,0,0,2,0,0,0
Erick Strickland,25,15,7,0,0,0,19,81,0,0,2,1,1,0,0,0,1,2,0,0
Haywoode Workman,0,331,15,0,23,0,0,0,0,0,0,2,1,0,1,0,0,0,0,0
Doug Overton,160,0,0,0,10,0,0,0,0,0,4,0,0,0,1,0,0,0,0,0
Priest Lauderdale,18,10,0,0,0,0,0,0,0,0,1,1,0,0,0,0,0,0,0,0
Melvin Robinson,0,3,0,0,0,0,0,0,0,0,0,1,0,0,0,0,0,0,0,0
Brian Grant,18,148,37,0,0,0,0,108,0,0,1,3,1,0,0,0,0,1,0,0
Anfernee Hardaway / Penny Hardaway,32,156,48,39,0,0,15,0,0,0,1,4,2,1,0,0,1,0,0,0
Kurt Thomas,254,0,11,0,0,34,0,0,0,4,4,0,1,0,0,1,0,0,0,1
Robert Parish,0,0,0,0,12,0,0,0,0,0,0,0,0,0,1,0,0,0,0,0
Xavier McDaniel,0,0,34,0,0,0,0,0,0,0,0,0,2,0,0,0,0,0,0,0
Reggie Jordan,14,29,0,0,20,0,60,0,0,0,1,2,0,0,1,0,3,0,0,0
Ben Davis,9,0,0,0,56,0,73,0,0,0,1,0,0,0,2,0,3,0,0,0
Emanual Davis,190,173,0,0,0,0,180,0,0,34,1,2,0,0,0,0,2,0,0,1
Mark Hendrickson,0,0,0,0,60,0,0,0,0,0,0,0,0,0,3,0,0,0,0,0
Brent Scott,0,0,87,0,0,0,0,0,0,0,0,0,1,0,0,0,0,0,0,0
Theodore Edwards / Blue Edwards,19,17,0,0,0,0,0,0,0,0,1,1,0,0,0,0,0,0,0,0
Mitchell Butler,0,131,0,0,0,0,0,0,0,108,0,6,0,0,0,0,0,0,0,1
Darrin Hancock,0,28,11,0,0,0,0,0,0,0,0,1,1,0,0,0,0,0,0,0
Greg Anthony,28,0,0,0,20,0,0,11,0,0,2,0,0,0,1,0,0,1,0,0
Sam Mack,54,0,0,0,0,0,0,0,0,0,3,0,0,0,0,0,0,0,0,0
Ed Pinckney,0,44,0,0,0,0,0,0,0,0,0,1,0,0,0,0,0,0,0,0
Marcus Camby,112,74,224,0,13,0,29,3,226,0,7,4,1,0,2,0,1,1,3,0
Tyrone Corbin,18,0,0,0,9,0,0,0,0,0,1,0,0,0,1,0,0,0,0,0
Dan Majerle,0,0,55,26,106,0,18,0,0,0,0,0,2,1,3,0,1,0,0,0
Donald Royal,8,0,0,0,0,0,22,0,0,0,1,0,0,0,0,0,1,0,0,0
Shandon Anderson,31,0,0,0,18,0,0,0,0,0,1,0,0,0,1,0,0,0,0,0
Jason Kidd,0,53,8,12,12,0,0,0,0,46,0,2,1,1,2,0,0,0,0,1
James Scott,0,4,0,0,0,0,0,0,0,0,0,1,0,0,0,0,0,0,0,0
Dana Barros,80,0,92,0,44,0,0,0,0,0,2,0,1,0,2,0,0,0,0,0
Earl Cureton,0,32,0,0,0,0,0,0,0,0,0,1,0,0,0,0,0,0,0,0
Tony Dumas,0,162,0,0,0,0,0,0,0,0,0,2,0,0,0,0,0,0,0,0
Carl Thomas,0,0,0,0,0,0,0,77,0,12,0,0,0,0,0,0,0,1,0,1
Matt Geiger,0,104,0,0,44,0,0,0,0,0,0,4,0,0,1,0,0,0,0,0
Mark Davis (Anthony),9,0,0,0,0,0,0,0,0,0,1,0,0,0,0,0,0,0,0,0
Grant Long,88,56,0,0,0,0,20,0,0,0,2,1,0,0,0,0,1,0,0,0
Arvydas Sabonis,17,15,0,26,0,0,0,0,0,0,1,1,0,1,0,0,0,0,0,0
Billy Owens,12,29,0,0,142,0,16,0,0,0,1,1,0,0,3,0,1,0,0,0
Martin Lewis,0,0,0,0,0,50,0,0,0,0,0,0,0,0,0,1,0,0,0,0
Mark Bradtke,0,0,0,0,28,0,0,0,0,0,0,0,0,0,1,0,0,0,0,0
Randy Brown,25,62,236,0,10,0,0,0,0,0,3,3,4,0,1,0,0,0,0,0
Ben Wallace,13,234,0,40,6,0,0,0,0,0,2,6,0,1,2,0,0,0,0,0
Anthony Goldwire,0,0,7,0,0,0,8,0,0,0,0,0,1,0,0,0,1,0,0,0
John Long,0,0,0,0,48,0,0,0,0,13,0,0,0,0,1,0,0,0,0,1
Darvin Ham,190,74,0,0,0,0,42,0,0,0,2,3,0,0,0,0,2,0,0,0
Kenny Smith,0,11,0,0,0,0,0,0,0,0,0,1,0,0,0,0,0,0,0,0
Duane Causwell,12,0,0,16,0,0,39,0,20,0,1,0,0,1,0,0,1,0,1,0
Adam Keefe,0,0,11,0,0,0,0,0,0,0,0,0,1,0,0,0,0,0,0,0
B.J. Armstrong,0,169,0,0,0,0,0,0,0,0,0,4,0,0,0,0,0,0,0,0
David Wingate,0,305,24,0,0,0,0,0,0,0,0,4,2,0,0,0,0,0,0,0
Tom Chambers,25,0,0,0,26,0,0,0,0,0,1,0,0,0,2,0,0,0,0,0
Toni Kukoc,43,0,4,0,49,3,75,0,49,0,3,0,1,0,3,1,2,0,1,0
Jayson Williams,0,0,29,0,0,0,52,0,11,0,0,0,1,0,0,0,2,0,1,0
Loren Meyer,0,0,0,0,12,0,0,0,0,0,0,0,0,0,1,0,0,0,0,0
Jeff Grayer,0,0,0,0,0,0,32,0,0,0,0,0,0,0,0,0,1,0,0,0
Chris Carr (Dean),101,0,0,0,0,0,134,0,0,0,4,0,0,0,0,0,1,0,0,0
Anthony Mason Sr.,19,0,0,0,0,90,0,0,0,0,2,0,0,0,0,1,0,0,0,0
Hubert Davis,28,0,51,0,0,0,0,0,0,0,1,0,2,0,0,0,0,0,0,0
Bobby Phills,0,0,53,0,0,0,0,0,0,0,0,0,3,0,0,0,0,0,0,0
Bruce Bowen,26,19,0,0,0,0,81,0,0,10,1,1,0,0,0,0,2,0,0,1
Rex Walters,18,21,0,0,3,0,0,0,0,0,1,2,0,0,1,0,0,0,0,0
George McCloud,0,0,0,0,9,0,0,0,0,0,0,0,0,0,1,0,0,0,0,0
Kevin Gamble,0,0,0,0,119,0,0,0,0,0,0,0,0,0,2,0,0,0,0,0
Austin Croshere,32,0,8,0,48,0,21,0,14,0,2,0,2,0,3,0,1,0,2,0
Rumeal Robinson,0,21,0,0,0,0,0,0,0,0,0,1,0,0,0,0,0,0,0,0
Charles O'Bannon,0,19,0,0,53,0,0,0,0,0,0,2,0,0,3,0,0,0,0,0
Joe Stephens,51,80,0,0,0,0,0,0,0,0,1,2,0,0,0,0,0,0,0,0
Ace Custis,0,172,0,0,0,0,0,0,0,0,0,1,0,0,0,0,0,0,0,0
Tim Kempton,0,0,0,0,13,0,0,0,0,0,0,0,0,0,1,0,0,0,0,0
Stephen Howard,64,43,0,0,0,0,0,0,0,0,1,1,0,0,0,0,0,0,0,0
Johnny Taylor,0,77,0,0,24,0,0,118,0,0,0,1,0,0,1,0,0,3,0,0
Paul Grant,172,74,0,0,0,0,0,0,0,0,1,1,0,0,0,0,0,0,0,0
James Cotton,0,61,47,59,0,0,0,0,0,0,0,2,1,1,0,0,0,0,0,0
Jason Lawson,0,0,69,0,0,0,0,0,0,0,0,0,2,0,0,0,0,0,0,0
Serge Zwikker,0,0,172,0,0,0,0,0,0,0,0,0,1,0,0,0,0,0,0,0
Anthony Parker,94,81,0,0,63,0,0,0,0,0,3,4,0,0,5,0,0,0,0,0
Kebu Stewart,39,69,0,0,0,0,0,0,0,0,1,2,0,0,0,0,0,0,0,0
Marko Milic,0,36,0,0,22,0,0,0,0,0,0,1,0,0,1,0,0,0,0,0
Gary Trent,122,0,161,15,0,0,0,0,18,0,2,0,3,1,0,0,0,0,1,0
Scottie Pippen,72,224,0,0,0,28,0,0,0,0,1,5,0,0,0,1,0,0,0,0
Shea Seals,0,0,0,0,156,0,0,0,0,0,0,0,0,0,2,0,0,0,0,0
Roy Rogers,0,92,0,0,0,0,19,0,0,0,0,3,0,0,0,0,1,0,0,0
Tyus Edney,115,0,0,0,0,0,0,0,0,0,3,0,0,0,0,0,0,0,0,0
Olivier Saint-Jean / Tariq Abdul-Wahad,0,0,0,11,0,0,0,0,0,0,0,0,0,1,0,0,0,0,0,0
James Collins,0,0,0,0,63,0,0,0,0,0,0,0,0,0,3,0,0,0,0,0
John Stockton,0,39,0,0,0,0,0,0,0,0,0,1,0,0,0,0,0,0,0,0
Charles Smith (Cornelius),44,0,0,23,0,0,0,0,142,0,1,0,0,2,0,0,0,0,1,0
Malcolm Huckaby,133,0,0,0,0,0,0,0,0,0,1,0,0,0,0,0,0,0,0,0
John Thomas,3,0,11,0,0,25,0,0,0,0,1,0,1,0,0,2,0,0,0,0
Danny Schayes,0,32,0,10,8,0,0,0,0,0,0,1,0,1,1,0,0,0,0,0
Steve Kerr,0,25,0,0,0,0,0,50,0,0,0,1,0,0,0,0,0,1,0,0
Bob Sura,72,0,0,57,77,0,0,0,0,0,1,0,0,1,4,0,0,0,0,0
Horacio Llamas,56,0,0,0,71,0,0,0,0,0,1,0,0,0,1,0,0,0,0,0
Keith Booth,0,0,10,0,139,0,0,0,0,0,0,0,1,0,2,0,0,0,0,0
John Crotty,0,263,36,0,0,0,0,0,0,0,0,4,3,0,0,0,0,0,0,0
Jeff Nordgaard,0,0,9,0,0,0,0,0,0,0,0,0,1,0,0,0,0,0,0,0
Bryant Stith,79,0,0,0,0,0,0,0,24,0,1,0,0,0,0,0,0,0,1,0
Loy Vaught,0,0,0,0,137,0,0,0,0,0,0,0,0,0,1,0,0,0,0,0
Anthony Peeler,12,87,0,36,0,0,0,0,0,0,1,2,0,1,0,0,0,0,0,0
Ronald Jones / Popeye Jones,37,229,0,0,82,0,51,0,0,0,2,4,0,0,2,0,1,0,0,0
Troy Hudson,54,8,0,0,0,0,19,0,25,0,1,1,0,0,0,0,1,0,1,0
Rusty LaRue,126,0,0,0,0,0,0,0,0,0,3,0,0,0,0,0,0,0,0,0
Nick Anderson,0,1,0,0,46,0,38,0,0,0,0,1,0,0,1,0,2,0,0,0
Reggie Geary,0,17,0,0,0,0,0,0,0,0,0,1,0,0,0,0,0,0,0,0
Travis Knight,49,24,0,0,0,0,0,0,0,0,4,1,0,0,0,0,0,0,0,0
George Zidek,49,0,0,0,0,0,0,0,0,0,1,0,0,0,0,0,0,0,0,0
Rodrick Rhodes,0,13,0,0,0,0,0,42,0,0,0,1,0,0,0,0,0,2,0,0
Lawrence Funderburke,87,11,2,0,0,0,0,62,0,0,3,1,1,0,0,0,0,1,0,0
Patrick Ewing Sr.,76,0,0,0,0,0,119,0,0,0,3,0,0,0,0,0,1,0,0,0
Mark Pope,75,304,30,0,28,0,0,0,0,0,1,4,1,0,2,0,0,0,0,0
Jerald Honeycutt,9,0,0,11,0,0,0,0,0,0,1,0,0,1,0,0,0,0,0,0
Chris Anstey,15,0,0,0,0,0,0,0,0,0,1,0,0,0,0,0,0,0,0,0
Ed Gray,101,0,0,0,0,0,0,0,0,0,1,0,0,0,0,0,0,0,0,0
Mookie Blaylock,0,0,11,17,0,0,0,0,0,0,0,0,1,1,0,0,0,0,0,0
Walt Williams,44,12,13,0,0,0,0,0,0,0,1,1,1,0,0,0,0,0,0,0
Malik Rose,2,8,0,0,0,0,0,0,31,0,1,1,0,0,0,0,0,0,1,0
Bubba Wells,14,0,0,0,0,0,0,0,0,0,1,0,0,0,0,0,0,0,0,0
Scot Pollard,13,0,30,9,87,0,17,0,0,0,1,0,1,1,3,0,1,0,0,0
Eric Snow,67,23,0,0,0,0,42,0,0,0,2,1,0,0,0,0,1,0,0,0
Dell Curry,31,0,16,51,4,0,0,0,0,0,1,0,1,1,1,0,0,0,0,0
Mark Strickland,0,0,0,0,0,0,32,0,0,0,0,0,0,0,0,0,1,0,0,0
Vlade Divac,0,38,0,0,126,0,0,0,0,0,0,1,0,0,2,0,0,0,0,0
Sean Elliott,0,89,0,0,0,0,0,43,0,0,0,1,0,0,0,0,0,1,0,0
Etdrick Bohannon,0,0,88,0,0,0,0,0,0,0,0,0,1,0,0,0,0,0,0,0
Chris Garner,39,0,0,0,0,0,0,0,0,0,2,0,0,0,0,0,0,0,0,0
Terry Mills,20,137,34,0,29,0,0,0,0,0,1,4,1,0,1,0,0,0,0,0
Derek Anderson,11,71,0,5,81,0,0,0,0,0,1,5,0,1,2,0,0,0,0,0
Harold Ellis,26,29,0,0,0,0,0,0,0,0,1,1,0,0,0,0,0,0,0,0
Eldridge Recasner,27,0,0,0,10,0,0,0,0,0,1,0,0,0,1,0,0,0,0,0
Alvin Williams,0,260,0,0,0,0,0,0,0,0,0,4,0,0,0,0,0,0,0,0
Bobby Jackson,12,8,31,0,0,0,172,0,66,13,1,1,2,0,0,0,3,0,3,2
Tom Gugliotta,155,26,36,0,8,0,0,0,0,0,4,2,1,0,1,0,0,0,0,0
Chris Dudley,74,0,0,0,12,0,0,37,0,0,2,0,0,0,1,0,0,2,0,0
Danny Ferry,0,27,0,25,61,0,0,0,0,0,0,1,0,1,1,0,0,0,0,0
Nick Van Exel,16,159,0,0,0,3,0,0,0,0,1,3,0,0,0,1,0,0,0,0
Lorenzen Wright,47,72,0,7,0,0,10,0,0,0,2,2,0,1,0,0,1,0,0,0
Glenn Robinson,15,1,0,41,0,111,0,0,0,0,1,1,0,1,0,1,0,0,0,0
Damon Stoudamire,13,15,0,0,0,0,0,0,0,0,1,2,0,0,0,0,0,0,0,0
Travis Williams,32,0,0,0,0,0,0,0,0,0,1,0,0,0,0,0,0,0,0,0
Rick Brunson,219,109,13,0,0,0,0,21,0,0,5,2,1,0,0,0,0,1,0,0
P.J. Brown,28,2,0,0,2,0,0,0,0,0,3,1,0,0,1,0,0,0,0,0
Joe Kleine,0,56,0,0,0,0,59,0,0,0,0,2,0,0,0,0,2,0,0,0
Eric Piatkowski,28,0,0,0,0,0,0,0,51,4,1,0,0,0,0,0,0,0,2,1
Matt Bullard,11,19,0,0,265,0,0,0,0,0,1,1,0,0,4,0,0,0,0,0
Donyell Marshall,0,14,15,4,0,0,82,79,47,2,0,1,1,1,0,0,1,1,2,1
Joe Wolf,0,0,0,0,0,0,0,6,0,0,0,0,0,0,0,0,0,1,0,0
Dale Ellis,0,0,0,0,0,0,0,0,3,0,0,0,0,0,0,0,0,0,1,0
Michael Cage,0,0,1,0,21,0,0,0,0,0,0,0,1,0,2,0,0,0,0,0
Evric Gray,0,0,0,0,0,0,0,0,0,91,0,0,0,0,0,0,0,0,0,1
Trevor Winter,0,41,0,0,49,0,0,0,0,0,0,1,0,0,1,0,0,0,0,0
Ryan Stack,0,0,0,0,22,0,15,0,0,0,0,0,0,0,1,0,1,0,0,0
Voshon Lenard,159,0,69,0,0,0,0,0,0,0,1,0,1,0,0,0,0,0,0,0
Art Long,0,200,0,0,0,0,0,0,0,0,0,2,0,0,0,0,0,0,0,0
Antoine Carr,72,54,0,0,0,0,0,0,0,0,2,3,0,0,0,0,0,0,0,0
Korleone Young,0,0,0,0,77,0,0,0,0,0,0,0,0,0,3,0,0,0,0,0
Mate Skelin / Mike Skelin,0,90,0,0,0,0,0,0,0,0,0,1,0,0,0,0,0,0,0,0
Jonathan Kerner,0,28,0,0,80,0,0,0,0,0,0,1,0,0,2,0,0,0,0,0
Glen Rice Sr.,0,28,0,0,0,37,0,36,0,0,0,2,0,0,0,1,0,1,0,0
Makhtar Ndiaye / Makhtar N'Diaye,0,50,0,0,0,0,0,0,0,0,0,1,0,0,0,0,0,0,0,0
Brian Skinner,62,108,0,0,0,0,0,0,0,10,3,4,0,0,0,0,0,0,0,1
Charles Jones (Rahmel),12,8,0,10,0,0,0,0,0,0,1,1,0,1,0,0,0,0,0,0
Ansu Sesay,90,0,0,0,0,0,30,0,0,0,1,0,0,0,0,0,1,0,0,0
Latrell Sprewell,23,0,0,0,0,0,19,0,0,0,1,0,0,0,0,0,1,0,0,0
Marlon Garnett,31,0,0,0,0,0,0,0,0,0,1,0,0,0,0,0,0,0,0,0
Sam Jacobson,0,213,0,0,0,0,77,0,0,0,0,3,0,0,0,0,1,0,0,0
Miles Simon,0,45,0,0,0,0,0,0,0,0,0,3,0,0,0,0,0,0,0,0
Will Perdue,13,0,47,0,0,0,0,0,0,0,1,0,1,0,0,0,0,0,0,0
Thurl Bailey,0,0,12,0,0,0,0,0,0,0,0,0,1,0,0,0,0,0,0,0
Toby Bailey,0,28,0,0,0,34,0,0,0,0,0,2,0,0,0,1,0,0,0,0
Gerald Brown,0,61,0,0,0,0,0,0,0,0,0,2,0,0,0,0,0,0,0,0
Brandon Williams,75,0,0,0,0,0,0,0,0,0,1,0,0,0,0,0,0,0,0,0
Jelani McCoy,302,0,0,0,35,0,0,0,0,0,6,0,0,0,1,0,0,0,0,0
Sean Marks,63,53,0,26,108,52,0,0,0,16,2,2,0,1,2,2,0,0,0,1
Paul Rogers,75,0,0,0,0,0,0,0,0,0,1,0,0,0,0,0,0,0,0,0
Tyronn Lue,87,31,54,35,52,0,12,13,0,0,2,2,5,2,2,0,1,1,0,0
Nikita Morgunov,165,75,0,0,0,0,0,0,0,0,1,1,0,0,0,0,0,0,0,0
Corey Benjamin,35,0,0,0,0,0,0,12,8,0,2,0,0,0,0,0,0,1,1,0
Bonzi Wells,71,132,98,0,33,0,0,2,0,0,5,2,4,0,3,0,0,1,0,0
Walter McCarty,48,25,0,0,0,0,13,0,0,0,4,2,0,0,0,0,1,0,0,0
Stojko Vrankovic,0,0,0,0,72,0,0,0,0,0,0,0,0,0,2,0,0,0,0,0
J.R. Henderson,0,20,0,0,0,0,0,0,0,0,0,1,0,0,0,0,0,0,0,0
Steve Smith (Delano),0,37,0,0,9,0,0,0,0,0,0,3,0,0,1,0,0,0,0,0
Ruben Patterson,14,34,0,0,0,0,0,0,0,0,1,2,0,0,0,0,0,0,0,0
Raef LaFrentz,21,83,0,33,0,0,0,0,0,0,1,2,0,1,0,0,0,0,0,0
Michael Olowokandi,11,81,0,0,0,6,0,0,33,12,1,2,0,0,0,1,0,0,1,1
Cory Carr,0,0,0,0,10,0,0,0,0,0,0,0,0,0,1,0,0,0,0,0
Gerard King,0,0,0,0,0,35,0,0,0,37,0,0,0,0,0,1,0,0,0,1
Jahidi White,0,157,0,0,0,0,0,31,0,0,0,2,0,0,0,0,0,2,0,0
Randell Jackson,0,14,16,0,0,0,0,0,0,0,0,1,1,0,0,0,0,0,0,0
Lee Mayberry,0,46,0,0,0,0,0,0,0,0,0,1,0,0,0,0,0,0,0,0
Charles Outlaw / Bo Outlaw,0,0,0,26,0,0,0,0,0,0,0,0,0,2,0,0,0,0,0,0
Matt Maloney,0,0,0,0,0,17,45,0,0,0,0,0,0,0,0,1,2,0,0,0
Vin Baker,25,14,0,0,0,0,16,0,0,0,1,1,0,0,0,0,1,0,0,0
Marty Conlon,41,0,0,0,0,0,29,0,0,0,1,0,0,0,0,0,1,0,0,0
Bryant Reeves,0,46,0,0,0,0,0,0,0,0,0,2,0,0,0,0,0,0,0,0
Bruno Sundov,64,0,190,0,29,0,29,0,0,0,4,0,4,0,2,0,2,0,0,0
Tracy Murray,127,0,0,0,4,0,0,0,0,0,2,0,0,0,1,0,0,0,0,0
Keith Closs,0,17,0,0,10,0,0,0,0,0,0,1,0,0,1,0,0,0,0,0
Andrew Gaze,28,0,0,0,0,0,0,0,0,0,1,0,0,0,0,0,0,0,0,0
Drew Barry,0,0,0,0,22,0,0,0,0,0,0,0,0,0,1,0,0,0,0,0
Juwan Howard,25,0,0,0,0,0,0,0,0,0,2,0,0,0,0,0,0,0,0,0
Terry Davis,88,0,0,21,0,0,0,0,0,0,1,0,0,1,0,0,0,0,0,0
Othella Harrington,13,75,0,0,0,0,0,0,0,0,1,4,0,0,0,0,0,0,0,0
Mirsad Turkcan,0,0,11,0,0,0,0,0,0,0,0,0,1,0,0,0,0,0,0,0
Brevin Knight,0,47,102,7,0,1,19,0,0,0,0,4,10,2,0,1,2,0,0,0
Keith Van Horn,14,9,67,0,0,0,10,0,2,0,1,1,1,0,0,0,2,0,1,0
Rashard Lewis,0,224,0,0,8,0,29,0,0,2,0,3,0,0,1,0,2,0,0,1
Mikki Moore,0,0,0,0,116,0,0,0,0,0,0,0,0,0,1,0,0,0,0,0
Jermaine Jackson,0,156,0,0,0,0,0,0,0,0,0,2,0,0,0,0,0,0,0,0
Jonathan Bender,0,202,4,14,0,0,36,16,0,0,0,5,1,1,0,0,1,1,0,0
Chauncey Billups,382,6,67,17,0,0,6,41,7,0,3,2,7,1,0,0,1,1,1,0
Kerry Kittles,0,65,0,0,18,0,0,0,0,0,0,3,0,0,1,0,0,0,0,0
Evan Eschmeyer,95,349,0,0,0,0,0,57,0,0,4,4,0,0,0,0,0,1,0,0
Chris Herren,11,35,0,0,0,0,37,75,0,0,1,1,0,0,0,0,2,1,0,0
Calvin Booth,0,4,152,0,0,26,0,0,0,0,0,1,2,0,0,1,0,0,0,0
Tim Young,64,0,0,0,0,0,0,0,0,0,3,0,0,0,0,0,0,0,0,0
Erick Dampier,39,189,0,0,0,0,207,18,0,0,2,9,0,0,0,0,2,2,0,0
Andrae Patterson,0,415,0,0,0,0,0,0,0,0,0,3,0,0,0,0,0,0,0,0
Derrick Dial,0,21,0,0,126,0,0,44,0,0,0,1,0,0,1,0,0,1,0,0
Lazaro Borrell,0,104,0,0,0,0,0,0,0,0,0,4,0,0,0,0,0,0,0,0
Armon Gilliam / Armen Gilliam,0,0,0,0,14,0,0,0,0,0,0,0,0,0,1,0,0,0,0,0
Danny Fortson,81,43,0,0,0,0,0,0,0,0,2,3,0,0,0,0,0,0,0,0
Lamond Murray,0,23,0,0,11,0,0,0,0,12,0,2,0,0,1,0,0,0,0,1
A.J. Bramlett,0,0,0,0,29,0,0,0,0,0,0,0,0,0,1,0,0,0,0,0
Lari Ketner,0,148,0,0,129,0,16,0,0,0,0,2,0,0,1,0,1,0,0,0
Rafer Alston,114,0,41,0,0,0,8,0,0,0,2,0,6,0,0,0,1,0,0,0
Theo Ratliff,45,256,66,0,325,0,158,0,134,0,3,4,1,0,3,0,2,0,1,0
Kobe Bryant,217,0,0,0,0,0,42,10,0,0,3,0,0,0,0,0,2,1,0,0
John Celestand,0,125,0,0,0,0,0,0,0,0,0,2,0,0,0,0,0,0,0,0
DeMarco Johnson,24,0,0,0,0,0,0,0,0,26,1,0,0,0,0,0,0,0,0,1
Tyrone Grant,0,0,0,0,0,0,17,0,0,0,0,0,0,0,0,0,1,0,0,0
Ricky Davis,128,61,0,0,0,0,0,0,0,0,1,2,0,0,0,0,0,0,0,0
Tim James,85,138,0,0,79,0,0,0,0,0,1,2,0,0,1,0,0,0,0,0
Otis Thorpe,27,15,0,0,0,0,36,0,0,0,1,1,0,0,0,0,1,0,0,0
Harold Jamison,0,0,112,45,0,0,0,0,0,0,0,0,3,2,0,0,0,0,0,0
Bakari Hendrix,0,10,0,0,0,0,0,0,0,0,0,1,0,0,0,0,0,0,0,0
Aleksandar Radojevic,0,194,0,0,0,0,0,0,0,0,0,2,0,0,0,0,0,0,0,0
Fred Vinson,0,150,0,0,0,0,0,0,0,0,0,2,0,0,0,0,0,0,0,0
Leon Smith,0,0,0,0,29,0,0,0,0,0,0,0,0,0,1,0,0,0,0,0
Shammond Williams,0,19,14,0,0,0,51,0,0,0,0,1,1,0,0,0,2,0,0,0
Laron Profit,11,61,0,0,82,0,0,0,0,0,1,3,0,0,3,0,0,0,0,0
Earl Boykins,153,87,13,0,0,0,0,0,0,0,1,3,1,0,0,0,0,0,0,0
Allen Iverson,3,11,5,0,30,3,42,0,0,3,1,2,1,0,1,1,2,0,0,1
Larry Johnson (Demetric),0,0,0,0,8,0,0,0,0,0,0,0,0,0,1,0,0,0,0,0
Trajan Langdon,30,36,0,0,0,0,0,0,0,0,2,1,0,0,0,0,0,0,0,0
Devean George,195,277,0,0,6,0,29,0,0,0,4,5,0,0,1,0,3,0,0,0
Nazr Mohammed,40,11,0,0,59,0,0,0,0,0,1,1,0,0,4,0,0,0,0,0
Shawn Marion,0,74,16,12,0,0,3,0,0,0,0,2,3,1,0,0,1,0,0,0
Jon Barry,7,0,0,10,14,0,34,0,0,50,1,0,0,2,1,0,1,0,0,2
Richard Hamilton,249,0,81,0,37,5,18,19,3,0,4,0,5,0,1,1,1,1,1,0
Kevin Ollie,2,116,0,0,21,0,0,0,11,0,1,3,0,0,1,0,0,0,1,0
Paul Pierce,68,12,0,0,0,0,9,0,0,0,3,1,0,0,0,0,2,0,0,0
Roshown McLeod,0,0,328,0,0,0,0,0,0,0,0,0,4,0,0,0,0,0,0,0
Hersey Hawkins,0,0,0,37,0,0,0,0,0,0,0,0,0,1,0,0,0,0,0,0
Dean Garrett,0,20,0,0,0,0,0,0,0,0,0,1,0,0,0,0,0,0,0,0
Wally Szczerbiak,177,27,0,0,2,0,0,0,0,0,5,3,0,0,1,0,0,0,0,0
Cherokee Parks,0,0,26,0,62,0,0,0,0,0,0,0,1,0,2,0,0,0,0,0
Vernon Maxwell,0,60,0,0,0,0,0,0,0,0,0,1,0,0,0,0,0,0,0,0
Adrian Griffin,16,109,2,14,106,0,0,0,0,0,1,2,1,1,6,0,0,0,0,0
John Starks,0,29,0,0,0,0,0,0,0,0,0,2,0,0,0,0,0,0,0,0
Jumaine Jones,40,0,0,13,0,0,0,0,0,0,1,0,0,1,0,0,0,0,0,0
Obinna Ekezie,158,258,0,0,28,0,0,0,0,0,3,2,0,0,1,0,0,0,0,0
Monty Williams,0,102,28,0,10,0,0,0,0,0,0,2,1,0,1,0,0,0,0,0
Kelvin Cato,58,0,0,0,0,0,9,66,0,0,3,0,0,0,0,0,1,3,0,0
Mitch Richmond,0,52,0,0,0,0,0,0,16,0,0,1,0,0,0,0,0,0,1,0
Rodney Buford,29,19,0,0,0,0,0,0,0,0,1,2,0,0,0,0,0,0,0,0
Chucky Brown,23,0,0,0,11,0,0,0,0,0,1,0,0,0,1,0,0,0,0,0
Ryan Bowen,68,59,0,0,0,0,0,0,11,0,2,4,0,0,0,0,0,0,1,0
Dion Glover,29,28,0,0,0,0,0,0,0,0,1,1,0,0,0,0,0,0,0,0
Al Harrington,4,131,0,22,41,0,8,0,0,0,2,2,0,2,3,0,1,0,0,0
Cedric Henderson (E.),10,35,125,0,0,0,42,0,0,0,1,2,2,0,0,0,1,0,0,0
Michael Hawkins,11,38,0,0,0,0,0,0,0,0,1,1,0,0,0,0,0,0,0,0
Todd Day,0,41,0,0,41,0,0,0,0,0,0,2,0,0,1,0,0,0,0,0
Jeff Foster,56,0,0,0,89,0,0,0,36,0,3,0,0,0,8,0,0,0,1,0
Brad Miller,29,95,2,0,0,0,47,0,21,0,2,3,1,0,0,0,3,0,1,0
Ron Artest / Metta World Peace,29,7,0,0,6,0,115,0,0,0,5,2,0,0,2,0,4,0,0,0
Milt Palacio,0,12,0,0,14,0,11,0,0,0,0,1,0,0,1,0,1,0,0,0
Ira Bowman,0,24,0,0,0,0,0,0,0,0,0,1,0,0,0,0,0,0,0,0
Michael Ruffin,194,0,0,0,0,0,207,14,70,12,2,0,0,0,0,0,3,1,1,1
John Wallace,8,41,0,0,0,0,0,0,0,0,1,3,0,0,0,0,0,0,0,0
Derek Fisher,170,14,0,0,0,0,0,0,0,0,4,1,0,0,0,0,0,0,0,0
Grant Hill,468,94,10,0,2,0,0,0,18,0,7,3,2,0,1,0,0,0,2,0
Torraye Braggs,0,0,0,0,0,21,0,0,0,0,0,0,0,0,0,1,0,0,0,0
Brian Cardinal,32,267,35,0,0,0,0,0,0,0,1,6,1,0,0,0,0,0,0,0
Donnell Harvey,31,0,0,0,0,79,0,0,13,0,2,0,0,0,0,3,0,0,1,0
Jamie Feick,101,0,0,0,0,0,0,0,0,0,1,0,0,0,0,0,0,0,0,0
Etan Thomas,149,0,0,0,0,0,0,0,72,0,4,0,0,0,0,0,0,0,1,0
Garth Joseph,0,0,0,0,0,0,0,0,28,0,0,0,0,0,0,0,0,0,2,0
Mamadou N'diaye,0,0,118,0,171,0,0,0,0,0,0,0,3,0,3,0,0,0,0,0
Michael Stewart,0,95,0,0,24,0,0,0,0,0,0,3,0,0,1,0,0,0,0,0
Ira Newble,59,51,9,0,0,0,19,0,0,28,2,3,1,0,0,0,1,0,0,1
Olumide Oyedeji,68,0,0,0,20,0,0,0,0,0,2,0,0,0,2,0,0,0,0,0
Dan Langhi,39,0,0,9,0,0,0,0,0,0,2,0,0,1,0,0,0,0,0,0
Stanislav Medvedenko,18,131,0,0,5,0,0,0,0,0,2,2,0,0,1,0,0,0,0,0
Jake Voskuhl,170,11,0,0,25,0,0,0,10,0,6,2,0,0,1,0,0,0,1,0
Dalibor Bagaric,20,136,11,0,23,0,0,0,0,0,1,5,1,0,1,0,0,0,0,0
Jason Hart,0,112,0,0,194,0,0,0,0,0,0,2,0,0,2,0,0,0,0,0
Mike Penberthy,0,0,0,0,0,0,0,63,0,0,0,0,0,0,0,0,0,3,0,0
Ademola Okulaja,0,0,0,0,49,0,0,0,0,0,0,0,0,0,1,0,0,0,0,0
Pete Mickeal,0,0,0,0,67,0,0,0,0,0,0,0,0,0,1,0,0,0,0,0
Jabari Smith,91,163,0,0,0,0,0,0,0,0,3,4,0,0,0,0,0,0,0,0
Scott Padgett,0,87,103,0,0,0,0,0,0,0,0,1,1,0,0,0,0,0,0,0
Zendon Hamilton,0,53,0,0,166,0,13,0,0,0,0,2,0,0,2,0,1,0,0,0
Terrance Roberson,0,25,0,0,0,0,0,0,0,0,0,2,0,0,0,0,0,0,0,0
Cal Bowdler,0,15,0,0,0,0,0,0,0,0,0,1,0,0,0,0,0,0,0,0
William Cunningham,0,62,0,0,0,0,0,0,0,0,0,1,0,0,0,0,0,0,0,0
Lee Nailon,17,112,0,0,15,0,0,0,0,0,1,1,0,0,1,0,0,0,0,0
Craig Claxton / Speedy Claxton,30,264,167,0,4,0,26,104,0,0,2,3,1,0,1,0,1,1,0,0
Jerome Moiso,25,198,11,0,0,0,0,0,92,0,2,6,1,0,0,0,0,0,1,0
Vonteego Cummings,0,0,0,0,0,0,0,0,0,25,0,0,0,0,0,0,0,0,0,1
Bryce Drew,144,12,34,136,9,0,0,0,0,0,2,1,1,1,1,0,0,0,0,0
Wesley Person,0,10,0,0,0,68,18,0,0,0,0,1,0,0,0,2,1,0,0,0
Todd MacCulloch,287,0,0,0,0,0,0,0,0,0,3,0,0,0,0,0,0,0,0,0
Michael Dickerson,15,0,96,0,0,0,0,0,0,0,1,0,1,0,0,0,0,0,0,0
Sam Perkins,3,0,0,0,11,0,0,0,0,16,1,0,0,0,1,0,0,0,0,1
Jaren Jackson Sr.,48,0,0,0,0,0,0,0,0,0,1,0,0,0,0,0,0,0,0,0
Mark Blount,30,0,0,0,0,0,0,0,0,0,1,0,0,0,0,0,0,0,0,0
A.J. Guyton,11,90,14,0,0,11,0,10,0,0,1,1,1,0,0,1,0,1,0,0
Adonal Foyle,0,79,0,0,5,0,11,0,0,0,0,2,0,0,1,0,1,0,0,0
Juan Sanchez / Pepe Sanchez,0,138,0,0,9,0,0,0,21,0,0,4,0,0,1,0,0,0,2,0
Michael Redd,161,772,0,0,0,0,0,0,0,0,2,7,0,0,0,0,0,0,0,0
Kornel David,0,0,0,0,37,0,0,0,0,0,0,0,0,0,2,0,0,0,0,0
Ruben Garces,0,0,0,0,12,0,0,0,0,0,0,0,0,0,1,0,0,0,0,0
Greg Buckner,49,52,29,45,0,0,0,0,0,0,1,4,1,3,0,0,0,0,0,0
Jason Collier,0,32,157,102,0,0,0,0,0,0,0,1,1,2,0,0,0,0,0,0
Iakovos Tsakalidis / Jake Tsakalidis,0,7,0,0,79,0,24,0,0,22,0,1,0,0,2,0,2,0,0,1
Chris Crawford (Lee),32,511,0,0,0,0,0,0,0,0,1,6,0,0,0,0,0,0,0,0
Avery Johnson,0,0,57,97,0,0,0,0,0,0,0,0,1,3,0,0,0,0,0,0
Chris Mihm,61,15,0,0,0,0,0,16,0,0,4,1,0,0,0,0,0,1,0,0
Eduardo Najera,0,204,67,0,51,0,3,2,0,0,0,10,1,0,5,0,1,1,0,0
Alan Henderson,0,109,0,0,184,0,0,18,0,0,0,1,0,0,2,0,0,1,0,0
Eddie Robinson,67,0,16,0,15,0,0,0,0,0,2,0,1,0,1,0,0,0,0,0
Anthony Carter,0,28,13,0,0,0,25,0,71,0,0,2,1,0,0,0,1,0,2,0
Erick Barkley,0,276,0,0,0,0,0,0,0,0,0,4,0,0,0,0,0,0,0,0
Tony Battie,88,59,4,0,0,0,40,10,0,0,1,2,1,0,0,0,2,1,0,0
Soumaila Samake,0,18,0,0,0,0,0,0,0,0,0,1,0,0,0,0,0,0,0,0
Daniel Santiago,69,0,0,0,0,0,0,0,0,80,2,0,0,0,0,0,0,0,0,3
Corey Maggette,97,37,120,14,18,0,35,4,0,21,3,3,5,1,3,0,1,1,0,2
Ruben Wolkowyski,29,0,0,0,11,0,0,0,0,0,1,0,0,0,1,0,0,0,0,0
Lavor Postell,80,67,0,0,13,0,0,0,0,0,1,2,0,0,1,0,0,0,0,0
Matt Harpring,48,136,0,0,6,0,0,0,0,0,2,5,0,0,2,0,0,0,0,0
Quincy Lewis,82,170,0,0,0,0,0,0,0,0,2,2,0,0,0,0,0,0,0,0
Todd Fuller,0,167,0,0,0,0,0,0,0,0,0,2,0,0,0,0,0,0,0,0
Hanno Mottola,0,0,0,0,0,10,0,0,0,0,0,0,0,0,0,1,0,0,0,0
Anthony Johnson,5,29,0,0,0,0,22,0,0,3,1,1,0,0,0,0,1,0,0,1
Pat Garrity,12,258,0,0,0,0,0,18,0,0,2,4,0,0,0,0,0,1,0,0
Khalid El-Amin,0,20,0,0,0,0,0,0,0,0,0,1,0,0,0,0,0,0,0,0
Dragan Tarlac,29,0,0,0,0,0,0,0,0,0,2,0,0,0,0,0,0,0,0,0
DeShawn Stevenson,0,42,0,0,20,0,0,0,0,0,0,2,0,0,2,0,0,0,0,0
Tyrone Nesby,33,0,0,0,13,0,0,0,0,0,1,0,0,0,1,0,0,0,0,0
Robert Traylor / Tractor Traylor,13,0,0,0,10,0,18,0,0,0,1,0,0,0,1,0,1,0,0,0
Michael Curry,0,0,0,0,0,20,122,0,0,0,0,0,0,0,0,1,1,0,0,0
Sean Colson,9,0,0,0,0,0,0,0,0,0,1,0,0,0,0,0,0,0,0,0
Maurice Taylor,109,0,0,0,0,0,0,0,0,0,1,0,0,0,0,0,0,0,0,0
Isaiah Rider / J.R. Rider,0,0,0,0,82,0,0,0,0,0,0,0,0,0,1,0,0,0,0,0
Jamal Crawford,71,226,5,0,10,0,3,0,0,0,3,2,2,0,1,0,1,0,0,0
Tim Thomas,14,22,0,10,0,4,1,6,0,0,2,1,0,1,0,2,1,1,0,0
Kevin Garnett,6,206,0,16,0,0,0,0,0,0,1,3,0,2,0,0,0,0,0,0
Dikembe Mutombo,2,3,0,0,0,0,85,0,30,0,1,1,0,0,0,0,1,0,1,0
Kenny Satterfield,0,14,0,0,0,0,25,0,0,0,0,1,0,0,0,0,1,0,0,0
Jamison Brewer,105,0,38,260,0,0,0,0,0,0,5,0,1,1,0,0,0,0,0,0
Norm Richardson,130,0,0,0,0,0,0,0,0,0,2,0,0,0,0,0,0,0,0,0
Damon Jones,0,12,0,0,0,0,0,0,0,0,0,1,0,0,0,0,0,0,0,0
Ratko Varda,0,0,0,0,106,0,0,0,0,0,0,0,0,0,1,0,0,0,0,0
Antonio McDyess,0,194,0,0,0,0,0,7,0,0,0,4,0,0,0,0,0,1,0,0
Brian Scalabrine,94,21,8,0,2,0,0,8,0,31,1,1,1,0,1,0,0,1,0,3
Maurice Evans,0,25,58,13,7,0,0,0,0,0,0,3,2,1,1,0,0,0,0,0
William Avery / Will Avery,0,44,0,0,0,0,0,0,0,0,0,1,0,0,0,0,0,0,0,0
Dean Oliver,0,0,77,0,0,0,0,20,0,0,0,0,1,0,0,0,0,1,0,0
Brendan Haywood,188,6,0,0,9,0,199,0,116,0,1,1,0,0,2,0,3,0,2,0
Predrag Drobnjak / Peja Drobnjak,22,0,0,0,12,0,0,0,0,0,1,0,0,0,1,0,0,0,0,0
Ernest Brown,0,0,0,0,0,0,160,0,0,0,0,0,0,0,0,0,2,0,0,0
Jeff Trepagnier,152,175,0,0,0,0,0,0,0,0,3,3,0,0,0,0,0,0,0,0
Samuel Dalembert,0,58,19,0,0,0,0,0,0,0,0,2,2,0,0,0,0,0,0,0
Alvin Jones,98,11,0,0,0,0,0,0,0,0,1,1,0,0,0,0,0,0,0,0
Mark Madsen,11,41,29,0,0,0,46,35,0,0,1,2,1,0,0,0,1,2,0,0
Antonis Fotsis,0,28,0,0,0,0,0,0,0,0,0,2,0,0,0,0,0,0,0,0
Joe Crispin,0,22,0,0,0,0,0,0,0,0,0,2,0,0,0,0,0,0,0,0
Jeryl Sasser,0,136,0,0,0,0,0,0,0,0,0,3,0,0,0,0,0,0,0,0
Larry Robinson (b. 1968-01-11),0,156,0,0,0,0,0,0,0,0,0,3,0,0,0,0,0,0,0,0
Mike Miller,81,2,0,6,45,0,55,8,0,28,7,1,0,1,3,0,1,1,0,3
Jarron Collins,0,45,0,0,0,55,19,18,0,0,0,1,0,0,0,3,1,1,0,0
Kirk Haston,0,0,0,0,199,0,0,0,0,0,0,0,0,0,3,0,0,0,0,0
Malik Allen,104,54,0,7,88,0,0,0,24,2,3,3,0,2,3,0,0,0,2,1
Joseph Forte,172,0,0,0,16,0,0,0,0,0,3,0,0,0,1,0,0,0,0,0
Gilbert Arenas,8,253,0,0,55,0,0,0,58,0,1,2,0,0,1,0,0,0,3,0
Shareef Abdur-Rahim,0,6,0,0,0,47,0,0,0,0,0,2,0,0,0,1,0,0,0,0
Keyon Dooling,282,13,0,2,0,0,19,0,57,0,8,1,0,1,0,0,1,0,5,0
Bryon Russell,0,107,34,0,0,0,0,0,0,0,0,1,1,0,0,0,0,0,0,0
Tierre Brown,10,0,0,0,0,0,0,0,0,0,1,0,0,0,0,0,0,0,0,0
Jerome James,64,81,21,0,0,0,0,0,0,9,3,1,1,0,0,0,0,0,0,1
Omar Cook,0,38,97,0,0,0,0,0,0,0,0,1,1,0,0,0,0,0,0,0
Stephen Jackson,190,51,19,0,0,0,62,0,0,0,4,1,5,0,0,0,3,0,0,0
Michael Bradley,22,157,9,0,55,0,0,17,0,0,1,3,1,0,2,0,0,1,0,0
Wang Zhizhi / Wang Zhi-Zhi,57,17,0,0,13,0,0,0,0,0,3,1,0,0,1,0,0,0,0,0
Ruben Boumtje Boumtje,229,452,0,0,0,0,0,0,0,0,3,4,0,0,0,0,0,0,0,0
Tariq Abdul-Wahad / Olivier Saint-Jean,0,324,0,0,0,0,0,0,0,0,0,3,0,0,0,0,0,0,0,0
Bobby Simmons,0,81,0,0,0,0,0,2,33,2,0,2,0,0,0,0,0,1,1,1
Steve Francis,34,88,0,0,1,0,0,5,2,0,2,3,0,0,1,0,0,1,1,0
Greg Foster,0,0,0,0,0,0,0,0,0,188,0,0,0,0,0,0,0,0,0,3
Michael Doleac,73,11,0,28,0,0,0,0,7,0,2,1,0,1,0,0,0,0,1,0
Chris Andersen,8,65,0,0,17,9,76,33,15,0,1,7,0,0,1,1,2,1,1,0
Desmond Mason,0,32,0,0,2,11,42,0,0,178,0,2,0,0,2,1,1,0,0,1
Carlos Arroyo,35,0,9,0,0,0,0,0,0,0,3,0,2,0,0,0,0,0,0,0
Courtney Alexander,46,0,0,0,0,0,0,0,0,0,3,0,0,0,0,0,0,0,0,0
Felipe Lopez,0,0,0,0,0,0,0,0,18,0,0,0,0,0,0,0,0,0,1,0
Primoz Brezec,329,0,55,0,12,0,0,0,0,0,2,0,2,0,2,0,0,0,0,0
Johnny Newman,0,14,11,0,0,0,0,0,0,0,0,1,1,0,0,0,0,0,0,0
Steven Hunter,13,133,2,0,0,0,0,0,0,0,1,4,1,0,0,0,0,0,0,0
Damone Brown,0,0,0,0,154,0,0,0,0,0,0,0,0,0,2,0,0,0,0,0
Zach Randolph,32,303,0,0,7,0,0,0,11,0,4,3,0,0,1,0,0,0,1,0
Shawn Bradley,0,18,0,0,0,0,0,0,0,0,0,2,0,0,0,0,0,0,0,0
Morris Peterson,40,0,2,0,8,14,39,0,0,0,1,0,1,0,1,1,1,0,0,0
Rodney White,38,0,0,0,0,0,0,0,0,0,1,0,0,0,0,0,0,0,0,0
Michael Finley,81,0,42,0,0,0,0,0,0,0,2,0,3,0,0,0,0,0,0,0
Charlie Bell,47,238,0,0,0,0,0,0,0,0,4,3,0,0,0,0,0,0,0,0
(William) Tony Parker,62,0,3,11,0,0,27,0,14,0,7,0,1,3,0,0,1,0,4,0
Lamar Odom,61,50,0,0,0,0,158,11,0,0,1,2,0,0,0,0,1,1,0,0
Kedrick Brown,38,16,0,0,68,0,0,0,0,0,2,1,0,0,1,0,0,0,0,0
Ron Mercer,0,109,0,0,0,0,0,0,0,0,0,3,0,0,0,0,0,0,0,0
Brandon Armstrong,14,14,0,0,99,0,0,0,0,0,1,1,0,0,4,0,0,0,0,0
Kwame Brown,169,38,20,14,0,0,0,17,0,0,6,1,1,1,0,0,0,1,0,0
Vince Carter,33,12,12,0,1,0,0,6,0,2,4,2,1,0,1,0,0,1,0,1
Alton Ford,10,0,0,0,39,0,0,0,0,0,1,0,0,0,2,0,0,0,0,0
Donny Marshall,0,14,8,0,0,0,0,0,0,0,0,1,1,0,0,0,0,0,0,0
Eddie House,16,32,15,21,0,0,0,0,22,0,2,1,2,1,0,0,0,0,1,0
Chris Mills,51,0,0,0,0,0,0,0,0,0,2,0,0,0,0,0,0,0,0,0
Michael Jordan (J.),0,22,0,0,0,0,0,0,0,0,0,1,0,0,0,0,0,0,0,0
Mateen Cleaves,21,0,0,0,12,0,59,48,0,0,1,0,0,0,1,0,1,1,0,0
DeSagana Diop,392,80,0,0,0,10,11,0,0,0,3,3,0,0,0,1,1,0,0,0
Oscar Torres,10,0,0,0,0,0,0,0,0,0,1,0,0,0,0,0,0,0,0,0
Mike James (Lamont),0,38,0,0,2,0,237,0,15,0,0,1,0,0,1,0,3,0,1,0
Zeljko Rebraca,0,0,25,0,21,0,10,25,0,9,0,0,1,0,1,0,1,1,0,1
Earl Watson,3,211,0,0,0,0,0,19,0,0,1,1,0,0,0,0,0,1,0,0
Kevin Willis,0,0,0,0,64,0,16,11,0,0,0,0,0,0,3,0,1,1,0,0
James Posey,59,0,0,9,4,7,11,10,0,0,3,0,0,1,1,1,2,1,0,0
Vladimir Radmanovic,57,0,1,0,19,0,0,48,0,0,4,0,1,0,2,0,0,1,0,0
Sean Rooks,0,0,0,0,0,84,0,0,0,0,0,0,0,0,0,1,0,0,0,0
Antoine Walker,5,0,0,0,0,0,2,0,0,0,1,0,0,0,0,0,1,0,0,0
Predrag Savovic,84,0,0,0,0,0,0,0,0,0,3,0,0,0,0,0,0,0,0,0
Vincent Yarbrough,48,0,0,0,0,0,0,0,0,0,2,0,0,0,0,0,0,0,0,0
Tito Maddox,101,0,0,0,0,0,0,0,0,0,2,0,0,0,0,0,0,0,0,0
Terence Morris,25,0,0,0,0,0,0,0,0,0,1,0,0,0,0,0,0,0,0,0
Vitaly Potapenko,0,49,0,0,0,0,40,0,0,0,0,1,0,0,0,0,1,0,0,0
Mengke Bateer,0,103,0,0,0,0,0,0,0,0,0,4,0,0,0,0,0,0,0,0
Joe Smith (Leynard),3,109,22,0,0,0,18,0,0,0,1,4,1,0,0,0,1,0,0,0
Adam Harrington,0,24,0,0,0,0,0,0,0,0,0,2,0,0,0,0,0,0,0,0
Jamal Sampson,120,0,0,0,42,0,0,25,0,0,4,0,0,0,1,0,0,1,0,0
Joel Przybilla,106,354,0,0,0,0,0,0,16,0,3,4,0,0,0,0,0,0,1,0
Roger Mason Jr.,54,0,0,0,0,0,0,116,0,0,2,0,0,0,0,0,0,1,0,0
Tremaine Fowlkes,0,24,34,0,53,0,0,64,0,0,0,2,1,0,1,0,0,2,0,0
Cezary Trybanski,0,80,0,0,18,0,18,0,0,0,0,2,0,0,1,0,1,0,0,0
Melvin Ely,39,0,0,18,0,0,0,0,0,5,3,0,0,2,0,0,0,0,0,1
Chris Owens,0,162,0,0,0,0,0,0,0,0,0,1,0,0,0,0,0,0,0,0
Mike Bibby,55,0,0,0,0,0,80,0,0,0,2,0,0,0,0,0,2,0,0,0
Elden Campbell,0,25,0,0,0,0,0,0,0,0,0,1,0,0,0,0,0,0,0,0
Sean Lampley,32,0,0,0,35,0,0,0,0,0,1,0,0,0,1,0,0,0,0,0
Ken Johnson,0,32,0,0,87,0,0,0,0,0,0,2,0,0,1,0,0,0,0,0
DerMarr Johnson,0,0,0,0,0,0,0,0,0,246,0,0,0,0,0,0,0,0,0,1
Quentin Richardson,18,11,4,0,52,4,6,0,0,0,3,2,1,0,4,1,1,0,0,0
Robert Archibald,32,45,0,0,62,0,0,0,0,0,1,1,0,0,2,0,0,0,0,0
Darius Miles,0,109,0,0,0,0,0,0,0,0,0,3,0,0,0,0,0,0,0,0
Dan Dickau,308,44,0,0,0,0,0,0,0,0,3,1,0,0,0,0,0,0,0,0
Chris Whitney,223,0,0,0,0,0,0,0,0,0,4,0,0,0,0,0,0,0,0,0
Cuttino Mobley,17,0,9,0,0,0,0,0,0,0,2,0,2,0,0,0,0,0,0,0
Ray Allen,120,0,0,0,6,0,1,2,0,2,7,0,0,0,1,0,1,1,0,1
Hidayet Turkoglu / Hedo Turkoglu,22,0,0,0,5,0,67,0,1,17,3,0,0,0,1,0,2,0,1,1
Jannero Pargo,0,114,44,0,0,0,0,0,0,0,0,2,1,0,0,0,0,0,0,0
Juan Dixon,10,3,0,0,0,39,0,0,0,0,1,1,0,0,0,1,0,0,0,0
Frank Williams,81,0,135,0,0,0,0,0,0,0,1,0,4,0,0,0,0,0,0,0
Efthimios Rentzias,0,0,0,0,12,0,0,0,0,0,0,0,0,0,1,0,0,0,0,0
Fred Jones,4,42,0,2,0,0,21,0,0,0,1,2,0,1,0,0,1,0,0,0
Emanuel Ginobili / Manu Ginobili,289,0,39,7,20,0,47,0,19,0,8,0,5,1,3,0,2,0,3,0
Marko Jaric,150,12,0,0,0,0,13,0,0,2,4,2,0,0,0,0,2,0,0,1
Reggie Evans,203,0,0,0,0,0,0,21,0,0,2,0,0,0,0,0,0,1,0,0
Ronald Murray / Flip Murray,4,0,36,9,0,0,0,94,0,0,1,0,1,1,0,0,0,1,0,0
Ryan Humphrey,53,34,0,0,0,0,0,0,0,131,3,2,0,0,0,0,0,0,0,1
Jay Williams,11,0,0,0,0,0,0,0,0,0,1,0,0,0,0,0,0,0,0,0
Chris Wilcox,0,7,256,10,20,0,33,0,0,0,0,1,2,1,2,0,2,0,0,0
Baron Davis,14,90,4,0,95,0,172,0,2,0,1,5,2,0,3,0,1,0,1,0
Lonny Baxter,0,22,0,0,0,0,0,0,0,0,0,2,0,0,0,0,0,0,0,0
Marcus Fizer,21,161,0,0,0,18,0,0,0,0,1,2,0,0,0,1,0,0,0,0
William Parker / Smush Parker,24,0,0,0,18,0,0,0,0,0,2,0,0,0,1,0,0,0,0,0
Bostjan Nachbar,0,0,45,0,0,0,0,0,4,0,0,0,2,0,0,0,0,0,1,0
Chucky Atkins,0,51,52,0,0,0,0,1,0,0,0,3,1,0,0,0,0,1,0,0
Elton Brand,176,0,30,0,8,0,4,36,0,0,2,0,2,0,1,0,1,1,0,0
Igor Rakocevic,12,0,0,0,0,0,0,0,0,0,1,0,0,0,0,0,0,0,0,0
Pat Burke,0,18,0,0,0,0,0,0,0,0,0,1,0,0,0,0,0,0,0,0
Tamar Slay,14,12,108,11,0,0,0,0,0,0,1,1,2,1,0,0,0,0,0,0
Devin Brown,0,12,0,0,0,0,0,0,0,0,0,1,0,0,0,0,0,0,0,0
Nick Collison,30,8,21,0,2,0,7,248,0,4,1,1,2,0,1,0,2,1,0,1
Alex Garcia,70,0,0,0,0,0,0,0,0,0,1,0,0,0,0,0,0,0,0,0
Troy Murphy,172,1,0,2,21,0,21,0,0,2,9,1,0,1,2,0,1,0,0,1
Jerry Stackhouse,275,164,95,0,0,0,3,0,0,0,3,4,9,0,0,0,1,0,0,0
Travis Outlaw,33,36,8,0,4,0,0,0,0,0,2,3,1,0,1,0,0,0,0,0
Linton Johnson III,179,0,0,0,0,0,0,0,0,0,4,0,0,0,0,0,0,0,0,0
Dajuan Wagner,41,71,0,0,0,0,0,0,0,0,3,1,0,0,0,0,0,0,0,0
Olden Polynice,0,0,0,0,0,0,0,0,0,48,0,0,0,0,0,0,0,0,0,2
Dahntay Jones,45,17,16,0,0,0,0,0,0,0,2,1,1,0,0,0,0,0,0,0
Theron Smith,0,76,0,0,99,0,0,0,0,0,0,3,0,0,1,0,0,0,0,0
Brian Cook,49,0,0,0,9,0,94,0,0,0,3,0,0,0,1,0,3,0,0,0
Curtis Borchardt,12,0,0,0,0,0,12,0,0,0,1,0,0,0,0,0,1,0,0,0
Rasual Butler,0,16,10,0,0,0,46,0,0,0,0,1,1,0,0,0,1,0,0,0
Caron Butler,0,302,5,0,12,0,12,0,0,0,0,6,1,0,2,0,2,0,0,0
Mickael Pietrus,25,346,16,0,0,0,48,19,3,28,4,3,1,0,0,0,2,1,1,5
Troy Bell,0,32,0,0,0,0,0,0,0,0,0,1,0,0,0,0,0,0,0,0
Jerome Beasley,0,0,0,0,130,0,0,0,0,0,0,0,0,0,2,0,0,0,0,0
Mike Wilks,51,27,3,0,0,0,0,29,0,0,1,2,1,0,0,0,0,1,0,0
Zarko Cabarkapa,0,48,0,0,0,0,42,0,0,0,0,2,0,0,0,0,1,0,0,0
Tyson Chandler,92,2,0,0,71,0,0,0,0,7,6,1,0,0,3,0,0,0,0,2
Michael Sweetney / Mike Sweetney,0,46,5,0,11,0,0,0,0,0,0,3,1,0,1,0,0,0,0,0
Jamaal Tinsley,7,11,51,0,22,26,0,0,0,0,1,2,5,0,1,2,0,0,0,0
Reece Gaines,42,51,0,0,0,0,0,0,0,0,2,1,0,0,0,0,0,0,0,0
Amare Stoudemire / Amar'e Stoudemire,43,271,0,0,25,0,3,0,0,0,3,4,0,0,1,0,1,0,0,0
Willie Green,17,0,13,5,3,0,47,0,0,0,2,0,1,1,1,0,1,0,0,0
Zoran Planinic,0,0,0,0,0,0,59,0,0,28,0,0,0,0,0,0,1,0,0,1
Marc Jackson,0,0,15,0,0,0,80,0,0,0,0,0,1,0,0,0,1,0,0,0
Udonis Haslem,184,15,9,0,0,0,15,6,0,0,3,1,2,0,0,0,1,2,0,0
Dwyane Wade,23,6,2,9,0,0,39,61,2,3,4,3,1,1,0,0,5,2,1,1
Karl Malone,0,68,0,0,0,0,0,0,0,0,0,1,0,0,0,0,0,0,0,0
Maciej Lampe,0,0,0,13,24,0,0,0,0,0,0,0,0,1,2,0,0,0,0,0
Chris Jefferies,24,0,0,0,41,0,0,0,0,0,2,0,0,0,1,0,0,0,0,0
James Jones (b),0,36,0,37,0,0,6,0,0,0,0,2,0,1,0,0,1,0,0,0
J.R. Bremer,11,0,0,0,0,0,0,0,0,0,1,0,0,0,0,0,0,0,0,0
Richie Frahm,46,35,0,0,0,0,0,0,0,0,1,2,0,0,0,0,0,0,0,0
Tony Delk,76,18,0,0,0,0,18,0,0,0,3,1,0,0,0,0,1,0,0,0
Allan Houston,0,62,0,0,0,0,0,0,0,0,0,2,0,0,0,0,0,0,0,0
Jalen Rose,9,0,0,0,0,0,33,0,0,0,1,0,0,0,0,0,1,0,0,0
Eddie Gill,0,22,0,0,0,0,0,0,0,0,0,1,0,0,0,0,0,0,0,0
Larry Hughes,22,5,30,0,0,0,160,16,0,0,1,1,3,0,0,0,4,1,0,0
Travis Hansen,11,0,0,0,0,0,0,0,0,0,1,0,0,0,0,0,0,0,0,0
Francisco Elson,5,24,12,0,0,0,1,22,0,0,1,2,2,0,0,0,1,1,0,0
Keon Clark,128,0,0,0,0,0,0,0,0,0,1,0,0,0,0,0,0,0,0,0
T.J. Ford,13,0,59,0,488,6,9,0,0,54,2,0,3,0,4,1,1,0,0,1
Mehmet Okur,230,0,6,0,282,0,0,0,0,0,2,0,1,0,7,0,0,0,0,0
Tim Duncan,30,22,0,0,0,0,0,0,0,0,3,4,0,0,0,0,0,0,0,0
Vladimir Stepania,0,120,0,0,0,0,0,0,0,0,0,1,0,0,0,0,0,0,0,0
Loren Woods,0,0,0,0,27,0,0,0,0,0,0,0,0,0,1,0,0,0,0,0
Matt Carroll,3,32,0,0,0,4,2,0,0,0,1,1,0,0,0,1,1,0,0,0
Jason Kapono,27,14,0,20,0,0,0,0,0,0,1,1,0,1,0,0,0,0,0,0
Jarvis Hayes,2,100,19,4,0,0,5,0,0,0,1,1,2,1,0,0,1,0,0,0
Nikoloz Tskitishvili,21,0,9,0,0,0,0,0,0,0,1,0,1,0,0,0,0,0,0,0
Jeff McInnis,3,0,0,0,0,0,0,10,0,0,1,0,0,0,0,0,0,1,0,0
Kareem Rush,10,0,3,0,0,0,15,0,0,0,1,0,1,0,0,0,2,0,0,0
Pape Sow,0,102,81,0,0,0,0,0,0,83,0,3,1,0,0,0,0,0,0,1
Ronald Dupree,0,0,0,0,61,0,0,0,0,0,0,0,0,0,2,0,0,0,0,0
Horace Jenkins,0,0,32,0,85,0,0,0,0,0,0,0,1,0,2,0,0,0,0,0
Andre Barrett,0,11,22,0,0,0,0,0,0,0,0,1,1,0,0,0,0,0,0,0
Arthur Johnson,0,65,0,0,0,0,0,0,0,0,0,1,0,0,0,0,0,0,0,0
Awvee Storey,12,0,2,0,0,0,0,0,0,0,1,0,1,0,0,0,0,0,0,0
Brandon Hunter,19,0,0,0,0,62,0,0,0,0,1,0,0,0,0,1,0,0,0,0
Steve Blake,57,0,0,0,3,0,0,59,77,0,3,0,0,0,1,0,0,3,1,0
Luis Flores,0,0,97,0,0,0,0,0,0,0,0,0,3,0,0,0,0,0,0,0
Ndudi Ebi,0,168,0,0,0,0,0,0,0,0,0,1,0,0,0,0,0,0,0,0
Paul Shirley,0,0,0,0,2,0,0,0,0,0,0,0,0,0,1,0,0,0,0,0
Ibrahim Kutluay / Ibo Kutluay,0,43,0,0,0,0,0,0,0,0,0,1,0,0,0,0,0,0,0,0
Pavel Podkolzine,170,125,0,0,0,0,0,0,0,0,1,2,0,0,0,0,0,0,0,0
Mario Kasun,4,57,0,0,0,0,0,0,0,0,1,2,0,0,0,0,0,0,0,0
Chris Kaman,211,191,0,4,6,0,0,0,0,26,6,2,0,1,1,0,0,0,0,1
Justin Reed,0,51,0,0,0,0,0,0,41,0,0,3,0,0,0,0,0,0,2,0
Delonte West,30,1,0,0,7,0,258,0,3,2,3,1,0,0,3,0,7,0,1,1
Tommy Smith,65,0,0,0,0,0,0,0,0,0,1,0,0,0,0,0,0,0,0,0
Viktor Khryapa,98,0,0,0,0,0,0,0,0,0,1,0,0,0,0,0,0,0,0,0
John Salmons,0,0,21,0,0,0,0,0,235,0,0,0,3,0,0,0,0,0,3,0
Andre Emmett,38,74,0,0,0,0,0,0,0,0,1,1,0,0,0,0,0,0,0,0
Antonio Burks,0,0,0,0,0,0,45,0,36,0,0,0,0,0,0,0,1,0,1,0
Raul Lopez,0,35,0,0,0,0,0,0,0,0,0,1,0,0,0,0,0,0,0,0
Tim Pickett,0,0,0,0,16,0,0,0,0,0,0,0,0,0,1,0,0,0,0,0
Lorinza Harrington / Junior Harrington,0,0,0,0,12,0,0,0,0,0,0,0,0,0,1,0,0,0,0,0
Dorell Wright,8,181,0,0,0,0,5,0,94,0,2,2,0,0,0,0,1,0,1,0
Donta Smith,0,21,0,0,62,0,0,0,0,0,0,2,0,0,2,0,0,0,0,0
Yuta Tabuse,0,0,32,0,0,0,0,0,0,0,0,0,1,0,0,0,0,0,0,0
Luke Jackson (Ryan),0,21,0,0,0,0,72,0,0,0,0,2,0,0,0,0,1,0,0,0
Bernard Robinson,11,67,0,0,0,0,0,0,0,0,1,2,0,0,0,0,0,0,0,0
Kris Humphries,191,14,0,6,0,0,0,4,6,0,3,1,0,1,0,0,0,1,1,0
Anderson Varejao,312,14,9,0,0,0,3,0,6,5,4,2,1,0,0,0,1,0,2,2
Jared Reiner,0,0,28,78,0,0,0,0,15,0,0,0,1,1,0,0,0,0,1,0
Carlos Delfino,159,103,12,0,0,0,0,0,0,53,3,2,2,0,0,0,0,0,0,3
Stacey Augmon,0,11,0,0,0,0,0,0,0,0,0,1,0,0,0,0,0,0,0,0
Andris Biedrins,265,0,77,0,0,0,0,0,0,0,6,0,2,0,0,0,0,0,0,0
Lionel Chalmers,0,10,0,0,0,0,0,0,0,0,0,1,0,0,0,0,0,0,0,0
Shaun Livingston,6,86,0,0,42,0,0,26,0,0,1,2,0,0,1,0,0,1,0,0
Sasha Vujacic,44,0,0,0,0,0,0,14,0,0,2,0,0,0,0,0,0,1,0,0
Aleksandar Pavlovic / Sasha Pavlovic,106,8,29,8,0,0,3,0,0,0,5,1,2,1,0,0,1,0,0,0
Royal Ivey,0,28,0,0,0,0,0,0,0,0,0,2,0,0,0,0,0,0,0,0
Andrei Kirilenko,37,55,0,28,26,0,12,0,0,0,2,2,0,3,4,0,2,0,0,0
Peter John Ramos,32,0,0,0,0,0,0,75,0,0,1,0,0,0,0,0,0,1,0,0
Keith McLeod,11,0,49,0,0,0,0,0,16,0,1,0,2,0,0,0,0,0,1,0
Jackson Vroman,0,0,11,0,0,0,0,0,0,0,0,0,1,0,0,0,0,0,0,0
Jason Williams,12,57,0,0,0,0,7,0,0,0,2,7,0,0,0,0,1,0,0,0
Tony Bobbitt,0,0,0,0,37,0,0,0,0,0,0,0,0,0,1,0,0,0,0,0
Didier Ilunga-Mbenga / Didier Mbenga / D.J. Mbenga,97,0,58,0,0,0,0,0,0,0,1,0,2,0,0,0,0,0,0,0
Damien Wilkins,0,97,0,0,0,0,0,0,0,0,0,1,0,0,0,0,0,0,0,0
Robert Swift,0,458,0,0,28,0,0,0,59,0,0,3,0,0,1,0,0,0,1,0
David West,12,94,0,0,21,59,0,0,0,7,4,1,0,0,2,1,0,0,0,1
Josh Davis,0,0,0,0,9,38,0,0,0,0,0,0,0,0,1,1,0,0,0,0
Rafael Araujo,0,0,0,0,10,0,0,16,0,0,0,0,0,0,1,0,0,1,0,0
Ha Seung-Jin,0,0,0,0,52,0,0,0,0,0,0,0,0,0,2,0,0,0,0,0
Howard Eisley,9,0,0,0,0,0,0,0,0,0,1,0,0,0,0,0,0,0,0,0
Dale Davis,0,0,10,0,10,0,0,0,0,0,0,0,1,0,1,0,0,0,0,0
Erik Daniels,0,0,0,0,54,0,0,0,0,0,0,0,0,0,2,0,0,0,0,0
David Harrison,0,0,0,0,22,0,0,75,0,21,0,0,0,0,3,0,0,3,0,1
Marquis Daniels,26,20,12,0,230,0,256,0,0,43,3,6,1,0,2,0,2,0,0,4
John Edwards,0,0,60,0,0,0,0,0,0,0,0,0,1,0,0,0,0,0,0,0
Leandro Barbosa,47,227,15,0,0,0,234,11,0,0,4,2,1,0,0,0,3,1,0,0
Kirk Snyder,0,10,0,0,0,0,44,0,0,0,0,1,0,0,0,0,1,0,0,0
Radoslav Nesterovic / Rasho Nesterovic,35,0,0,0,0,0,0,0,0,0,3,0,0,0,0,0,0,0,0,0
Pau Gasol,154,0,27,0,3,0,0,0,0,0,5,0,3,0,1,0,0,0,0,0
Al Jefferson,40,226,0,0,0,0,0,0,0,0,3,1,0,0,0,0,0,0,0,0
Richard Jefferson,46,0,0,0,8,0,1,0,0,0,1,0,0,0,2,0,1,0,0,0
Emeka Okafor,28,0,0,30,0,0,0,0,24,0,2,0,0,1,0,0,0,0,1,0
Josh Smith,34,6,0,0,0,0,0,0,0,0,2,1,0,0,0,0,0,0,0,0
Qyntel Woods,0,52,0,0,0,0,0,0,0,0,0,1,0,0,0,0,0,0,0,0
Nene / Nene Hilario / Maybyner Hilario,26,221,181,19,0,0,139,4,0,0,2,6,2,2,0,0,1,1,0,0
Eddie Griffin,0,0,0,0,0,0,17,0,0,0,0,0,0,0,0,0,1,0,0,0
Jackie Butler,0,21,0,0,0,0,0,0,0,0,0,1,0,0,0,0,0,0,0,0
Billy Thomas,10,0,0,0,0,0,0,0,0,0,1,0,0,0,0,0,0,0,0,0
Luol Deng,55,0,0,22,7,0,8,0,0,6,4,0,0,1,1,0,1,0,0,1
Gerald Wallace,45,2,0,12,0,0,36,20,13,18,7,1,0,1,0,0,1,2,2,1
Ervin Johnson,0,11,0,0,0,0,0,0,0,0,0,1,0,0,0,0,0,0,0,0
Antawn Jamison,0,57,0,0,0,0,0,22,0,0,0,4,0,0,0,0,0,1,0,0
Ike Diogu,34,0,0,38,0,0,23,0,0,0,1,0,0,1,0,0,1,0,0,0
Tony Allen,76,311,5,4,4,0,0,0,2,0,4,2,1,1,1,0,0,0,1,0
Marcus Banks,190,0,0,46,0,0,0,0,0,0,1,0,0,1,0,0,0,0,0,0
Shavlik Randolph,48,0,0,0,0,0,0,0,0,0,2,0,0,0,0,0,0,0,0,0
Carlos Boozer,33,25,196,5,0,0,35,0,0,0,3,1,2,1,0,0,1,0,0,0
Luke Walton,239,0,37,0,80,0,0,0,0,0,6,0,2,0,2,0,0,0,0,0
Julius Hodge,0,13,0,0,0,0,0,0,0,0,0,1,0,0,0,0,0,0,0,0
Jiri Welsch,0,0,10,0,0,0,0,0,0,0,0,0,1,0,0,0,0,0,0,0
Alan Anderson,32,9,0,0,12,0,0,0,0,0,1,1,0,0,1,0,0,0,0,0
Chris Duhon,0,7,3,0,6,0,0,0,0,0,0,2,1,0,2,0,0,0,0,0
Tracy McGrady,0,362,0,0,23,5,0,2,0,0,0,8,0,0,5,1,0,1,0,0
Kenyon Martin Sr.,0,128,12,0,1,0,2,0,9,0,0,13,2,0,1,0,1,0,1,0
Jason Collins,181,0,16,0,4,14,0,0,0,0,2,0,4,0,1,2,0,0,0,0
J.R. Smith,3,0,0,0,0,0,0,0,0,0,1,0,0,0,0,0,0,0,0,0
Predrag Stojakovic / Peja Stojakovic,0,15,0,0,11,0,35,0,0,11,0,2,0,0,1,0,1,0,0,1
Sean May,10,113,11,0,10,0,0,0,0,0,1,6,1,0,1,0,0,0,0,0
Wayne Simien,0,0,0,0,2,0,0,0,0,0,0,0,0,0,1,0,0,0,0,0
Josh Howard,103,569,33,0,0,0,12,0,0,0,7,6,4,0,0,0,2,0,0,0
Carmelo Anthony,23,14,0,0,0,0,0,5,0,0,4,3,0,0,0,0,0,1,0,0
Eddy Curry,23,79,0,4,0,0,0,0,25,0,2,2,0,2,0,0,0,0,1,0
Kirk Hinrich,0,0,110,155,4,6,75,29,0,2,0,0,3,1,1,1,2,1,0,1
Ben Gordon,12,4,7,0,0,0,8,0,0,0,1,1,1,0,0,0,1,0,0,0
Shane Battier,38,199,9,0,0,0,3,0,0,0,3,3,2,0,0,0,1,0,0,0
Sebastian Telfair,4,0,7,0,0,0,23,0,0,0,1,0,2,0,0,0,1,0,0,0
Yao Ming,44,69,0,0,2,0,0,0,0,0,3,1,0,0,1,0,0,0,0,0
Gordan Giricek,13,0,0,0,0,0,0,0,14,0,2,0,0,0,0,0,0,0,1,0
Jared Jeffries,0,31,0,17,3,0,41,0,2,2,0,4,0,2,1,0,1,0,1,1
Chris Paul,51,45,3,0,0,0,3,0,5,3,3,1,1,0,0,0,1,0,1,1
Stephon Marbury,0,2,0,0,0,0,0,26,0,0,0,1,0,0,0,0,0,2,0,0
Earl Barron,0,0,0,0,56,0,0,0,0,0,0,0,0,0,1,0,0,0,0,0
Devin Harris,39,4,70,0,0,0,13,11,0,0,4,1,7,0,0,0,2,4,0,0
Maurice Williams / Mo Williams,51,0,12,0,0,28,56,44,31,0,4,0,2,0,0,1,1,2,2,0
Keith Bogans,22,12,0,0,3,0,9,0,0,0,3,1,0,0,1,0,1,0,0,0
Robert Whaley,0,34,0,0,0,0,0,0,0,0,0,1,0,0,0,0,0,0,0,0
Jameer Nelson,45,11,12,2,2,0,0,120,5,19,3,2,2,1,1,0,0,1,2,4
Quinton Ross,0,0,0,11,46,0,0,0,0,0,0,0,0,1,3,0,0,0,0,0
Francisco Garcia,18,0,0,69,10,111,5,0,0,0,1,0,0,2,1,1,2,0,0,0
Kevin Martin,229,0,8,0,0,0,75,0,0,0,5,0,1,0,0,0,3,0,0,0
Andrew Bynum,14,451,0,0,0,0,0,0,0,0,1,3,0,0,0,0,0,0,0,0
Raymond Felton,15,0,0,0,0,0,25,0,2,0,4,0,0,0,0,0,1,0,1,0
Beno Udrih,35,14,2,1,11,0,8,4,0,0,3,1,1,1,1,0,1,1,0,0
Martell Webster,40,0,0,0,100,0,0,0,0,0,1,0,0,0,6,0,0,0,0,0
LeBron James,16,2,0,0,1,0,0,0,0,0,6,1,0,0,1,0,0,0,0,0
Linas Kleiza,9,373,0,0,0,0,0,0,0,0,2,5,0,0,0,0,0,0,0,0
Orien Greene,0,0,0,0,0,0,15,0,0,0,0,0,0,0,0,0,1,0,0,0
Josh Boone,28,3,0,0,0,0,0,24,0,5,1,1,0,0,0,0,0,1,0,2
Rashad McCants,2,89,0,0,5,0,0,0,0,0,2,2,0,0,1,0,0,0,0,0
Darius Songaila,0,0,0,0,95,0,0,0,0,0,0,0,0,0,1,0,0,0,0,0
Aaron Williams,0,0,0,5,14,0,0,0,0,0,0,0,0,1,1,0,0,0,0,0
Walter Herrmann,1,0,0,0,0,0,0,0,0,0,1,0,0,0,0,0,0,0,0,0
LaMarcus Aldridge,10,0,0,0,0,0,0,12,0,0,2,0,0,0,0,0,0,1,0,0
Trevor Ariza,137,44,0,0,0,0,0,0,13,0,3,1,0,0,0,0,0,0,1,0
Stromile Swift,13,7,0,0,49,0,0,0,0,2,3,1,0,0,2,0,0,0,0,1
Marvin Williams,3,0,0,0,58,0,46,4,3,4,1,0,0,0,3,0,3,1,1,1
Tyrus Thomas,2,43,0,46,0,49,10,0,0,2,1,2,0,1,0,1,2,0,0,1
J.J. Redick,0,0,0,0,38,0,0,0,0,0,0,0,0,0,3,0,0,0,0,0
Jason Richardson,7,258,0,0,0,0,35,3,0,0,2,5,0,0,0,0,1,1,0,0
Raja Bell,189,2,32,3,0,0,5,0,8,0,3,1,3,1,0,0,1,0,1,0
Chuck Hayes,14,8,0,0,0,0,0,0,0,0,1,1,0,0,0,0,0,0,0,0
Charlie Villanueva,78,0,7,0,2,23,0,4,0,0,4,0,1,0,2,1,0,1,0,0
Steve Nash,0,0,50,0,3,0,0,14,0,0,0,0,1,0,1,0,0,1,0,0
Jordan Farmar,9,36,0,0,7,0,0,0,0,0,2,1,0,0,1,0,0,0,0,0
Josh Childress,51,6,7,0,0,0,0,0,0,0,3,1,1,0,0,0,0,0,0,0
Clifford Robinson (R.),0,49,0,0,0,0,0,0,0,0,0,2,0,0,0,0,0,0,0,0
Travis Diener,76,0,0,0,0,0,0,4,0,0,6,0,0,0,0,0,0,1,0,0
Brandon Roy,22,376,11,0,0,0,0,0,0,0,1,3,1,0,0,0,0,0,0,0
Channing Frye,18,0,0,0,0,0,0,10,0,0,1,0,0,0,0,0,0,1,0,0
Maurice Ager,5,0,7,0,0,0,0,0,0,0,1,0,1,0,0,0,0,0,0,0
Andrea Bargnani,182,8,0,229,4,261,0,0,0,0,3,1,0,4,2,2,0,0,0,0
Lawrence Roberts,0,34,0,0,0,0,0,0,0,0,0,1,0,0,0,0,0,0,0,0
Drew Gooden,63,0,15,0,0,0,0,0,3,0,2,0,4,0,0,0,0,0,1,0
Chris Bosh,28,41,9,0,0,0,0,0,21,177,2,2,1,0,0,0,0,0,1,1
Joe Johnson,14,16,6,6,0,16,9,0,0,0,4,2,1,1,0,1,2,0,0,0
Gary Payton Sr.,2,0,0,8,0,0,0,0,0,0,1,0,0,1,0,0,0,0,0,0
Jose Calderon,24,0,4,0,3,4,0,0,27,0,4,0,1,0,1,1,0,0,2,0
Kendrick Perkins,7,246,2,0,0,0,0,22,0,0,1,4,1,0,0,0,0,4,0,0
Nenad Krstic,0,341,0,0,16,0,0,0,0,0,0,3,0,0,2,0,0,0,0,0
Jorge Garbajosa,0,0,0,2,0,0,0,0,0,0,0,0,0,1,0,0,0,0,0,0
Marcus Williams (D.),50,0,0,0,0,0,0,4,0,0,1,0,0,0,0,0,0,1,0,0
Zaur Pachulia / Zaza Pachulia,408,10,0,0,1,0,0,3,8,6,6,1,0,0,1,0,0,1,1,1
Matt Bonner,14,56,0,0,2,0,28,0,0,0,1,2,0,0,1,0,1,0,0,0
Sergio Rodriguez,18,0,0,0,0,0,0,0,0,0,1,0,0,0,0,0,0,0,0,0
Andres Nocioni,61,0,0,0,0,0,7,0,0,0,2,0,0,0,0,0,1,0,0,0
Dan Gadzuric,0,24,9,0,1,0,0,45,0,0,0,1,1,0,1,0,0,1,0,0
Kenny Thomas,14,0,0,41,2,0,0,0,0,0,1,0,0,2,1,0,0,0,0,0
Daniel Gibson,76,0,15,0,0,0,4,0,0,28,5,0,3,0,0,0,1,0,0,3
Boris Diaw,0,0,0,0,43,0,0,0,0,0,0,0,0,0,4,0,0,0,0,0
Deron Williams,33,2,8,0,0,0,13,0,0,0,3,1,3,0,0,0,2,0,0,0
David Lee,24,0,11,0,2,0,0,0,4,0,1,0,1,0,1,0,0,0,1,0
Maceo Baston,6,0,0,0,3,0,0,0,0,0,1,0,0,0,1,0,0,0,0,0
Luke Ridnour,0,2,33,0,14,0,11,0,0,0,0,1,2,0,2,0,1,0,0,0
Trenton Hassell,10,0,0,5,0,0,0,0,0,0,1,0,0,1,0,0,0,0,0,0
Darko Milicic,7,0,9,0,2,0,53,0,0,3,4,0,1,0,1,0,2,0,0,1
Fabricio Oberto,13,0,4,0,0,0,0,0,0,0,1,0,2,0,0,0,0,0,0,0
Andray Blatche,0,16,0,33,0,0,0,16,6,0,0,2,0,1,0,0,0,2,2,0
Ime Udoka,0,1,0,0,0,0,0,0,0,6,0,1,0,0,0,0,0,0,0,1
Luther Head,38,0,17,0,0,0,183,5,0,0,2,0,1,0,0,0,1,1,0,0
Kyle Korver,0,12,11,0,12,0,6,0,0,0,0,2,1,0,1,0,1,0,0,0
Adam Morrison,0,8,0,0,0,0,0,0,0,0,0,1,0,0,0,0,0,0,0,0
Dirk Nowitzki,10,74,0,0,0,2,0,0,0,0,2,3,0,0,0,1,0,0,0,0
Antonio Daniels,0,9,0,0,3,0,0,0,0,0,0,3,0,0,1,0,0,0,0,0
Dee Brown (b. 1984-08-17),0,0,0,0,0,0,0,0,0,4,0,0,0,0,0,0,0,0,0,1
Spencer Hawes,18,11,0,0,0,0,0,0,7,0,3,1,0,0,0,0,0,0,1,0
Rodney Stuckey,7,0,0,0,0,0,53,6,0,0,1,0,0,0,0,0,1,1,0,0
Josh McRoberts,107,0,0,0,0,0,0,0,1,0,2,0,0,0,0,0,0,0,1,0
Jacque Vaughn,0,0,0,16,0,0,0,0,0,0,0,0,0,1,0,0,0,0,0,0
Louis Amundson / Lou Amundson,1,0,0,0,20,0,41,0,11,0,1,0,0,0,1,0,1,0,1,0
Joakim Noah,52,0,0,0,0,0,67,0,0,0,5,0,0,0,0,0,1,0,0,0
Randy Foye,3,89,26,0,0,0,0,0,178,0,1,1,2,0,0,0,0,0,2,0
Joey Graham,176,0,48,0,0,0,0,0,0,0,2,0,2,0,0,0,0,0,0,0
Gerald Green (b. 1986-01-26),9,0,0,0,0,0,0,0,0,0,2,0,0,0,0,0,0,0,0,0
Craig Smith,2,0,0,9,67,4,0,0,13,2,1,0,0,1,2,1,0,0,1,1
Mardy Collins,13,0,0,15,0,0,0,0,0,0,3,0,0,1,0,0,0,0,0,0
Renaldo Balkman,7,0,0,0,0,0,0,0,0,0,2,0,0,0,0,0,0,0,0,0
Ronny Turiaf,20,25,13,0,0,0,0,0,2,0,3,4,1,0,0,0,0,0,1,0
Acie Law,17,2,0,0,17,0,18,0,0,0,1,1,0,0,1,0,1,0,0,0
Al Thornton,20,0,0,0,0,0,4,1,0,0,5,0,0,0,0,0,1,1,0,0
Matt Barnes,3,225,0,0,0,0,8,0,0,0,1,2,0,0,0,0,1,0,0,0
Mike Conley Jr.,0,0,0,0,0,0,0,52,0,0,0,0,0,0,0,0,0,2,0,0
Cedric Simmons,70,0,0,0,0,0,0,0,0,0,1,0,0,0,0,0,0,0,0,0
Ryan Hollins,0,0,0,0,0,0,0,11,0,0,0,0,0,0,0,0,0,1,0,0
Louis Williams / Lou Williams,3,255,0,0,0,0,0,0,0,14,2,1,0,0,0,0,0,0,0,1
Monta Ellis,16,0,2,0,0,0,0,0,0,0,1,0,1,0,0,0,0,0,0,0
Chris Quinn,61,0,0,0,0,0,0,0,0,0,4,0,0,0,0,0,0,0,0,0
Rajon Rondo,6,242,8,0,9,0,8,0,0,0,1,1,2,0,1,0,1,0,0,0
Ronnie Price,37,0,0,0,0,0,0,0,0,0,6,0,0,0,0,0,0,0,0,0
Brandon Bass,2,16,0,0,0,0,0,0,0,0,1,1,0,0,0,0,0,0,0,0
Jason Smith,14,0,0,0,0,0,0,223,0,0,3,0,0,0,0,0,0,2,0,0
Ramon Sessions,0,0,0,0,0,0,32,0,0,0,0,0,0,0,0,0,1,0,0,0
Nate Robinson,0,26,2,0,0,0,0,0,0,0,0,1,1,0,0,0,0,0,0,0
Thabo Sefolosha,0,7,11,0,0,0,0,0,0,0,0,1,1,0,0,0,0,0,0,0
Yi Jianlian / Jianlian Yi,25,51,0,0,0,0,36,0,0,0,2,3,0,0,0,0,1,0,0,0
Corey Brewer,0,9,2,0,0,0,0,0,0,0,0,1,1,0,0,0,0,0,0,0
Carl Landry,3,60,0,20,0,0,0,0,0,0,1,2,0,1,0,0,0,0,0,0
Andrew Bogut,285,10,7,10,273,176,26,0,4,4,4,2,1,1,5,1,1,0,1,1
Danny Granger,55,519,0,0,0,0,2,0,0,0,3,4,0,0,0,0,1,0,0,0
Ronnie Brewer,0,0,31,0,0,0,0,0,0,0,0,0,2,0,0,0,0,0,0,0
Javaris Crittenton,0,0,0,0,0,0,3,0,0,0,0,0,0,0,0,0,1,0,0,0
Leon Powe,2,364,0,0,0,0,5,0,0,0,1,3,0,0,0,0,1,0,0,0
Darnell Jackson,0,0,0,0,0,0,22,0,0,0,0,0,0,0,0,0,1,0,0,0
Jamaal Magloire,0,0,0,0,0,0,31,0,0,0,0,0,0,0,0,0,1,0,0,0
D.J. White,0,0,0,0,0,0,39,0,0,161,0,0,0,0,0,0,1,0,0,1
Mike Dunleavy Jr.,0,365,13,0,0,0,35,0,0,0,0,5,1,0,0,0,1,0,0,0
Sonny Weems,2,2,7,0,13,0,0,0,0,0,1,1,1,0,2,0,0,0,0,0
Julian Wright,1,0,0,0,0,0,0,0,0,0,1,0,0,0,0,0,0,0,0,0
Mouhamed Sene / Saer Sene,0,12,0,0,0,0,0,0,0,0,0,1,0,0,0,0,0,0,0,0
Alando Tucker,0,0,65,0,0,0,0,0,0,0,0,0,1,0,0,0,0,0,0,0
Walter Sharpe,0,5,0,0,0,0,0,0,0,0,0,1,0,0,0,0,0,0,0,0
Greg Oden,12,26,0,0,0,0,0,0,0,0,1,1,0,0,0,0,0,0,0,0
Quincy Douby,4,0,0,0,0,0,0,0,0,0,1,0,0,0,0,0,0,0,0,0
Chris Douglas-Roberts,11,28,0,0,3,0,0,0,0,31,2,2,0,0,1,0,0,0,0,1
Danilo Gallinari,18,191,4,0,20,0,12,0,0,0,1,2,1,0,2,0,1,0,0,0
Kevin Durant,19,4,0,0,0,0,0,0,0,0,3,1,0,0,0,0,0,0,0,0
Al Horford,12,24,0,0,7,0,0,115,0,0,4,1,0,0,1,0,0,1,0,0
Kelenna Azubuike,4,3,0,0,0,0,0,0,0,0,1,1,0,0,0,0,0,0,0,0
Kyrylo Fesenko,0,0,0,0,16,0,0,0,0,0,0,0,0,0,2,0,0,0,0,0
Anthony Randolph,290,0,2,0,0,0,2,0,0,0,1,0,1,0,0,0,1,0,0,0
Dwight Howard,0,5,0,0,2,0,0,0,0,0,0,1,0,0,1,0,0,0,0,0
Glen Davis,393,0,0,0,0,0,59,16,0,4,2,0,0,0,0,0,1,1,0,1
Paul Millsap,0,11,0,0,0,0,0,0,0,0,0,2,0,0,0,0,0,0,0,0
Hilton Armstrong,2,5,0,0,0,0,2,11,0,0,1,1,0,0,0,0,1,2,0,0
Mike Taylor,0,0,0,0,0,0,56,0,0,0,0,0,0,0,0,0,1,0,0,0
Brandan Wright,0,0,8,0,28,0,3,400,0,8,0,0,1,0,1,0,1,2,0,1
C.J. Miles,6,0,0,0,0,0,51,0,0,5,1,0,0,0,0,0,2,0,0,1
D.J. Augustine,0,0,0,0,0,0,0,0,24,0,0,0,0,0,0,0,0,0,1,0
Rudy Fernandez,4,0,0,0,9,0,0,0,0,0,2,0,0,0,2,0,0,0,0,0
C.J. Watson,3,0,0,0,0,5,0,0,0,0,1,0,0,0,0,1,0,0,0,0
Marco Belinelli,54,0,2,0,6,0,0,0,0,0,5,0,1,0,1,0,0,0,0,0
Roy Hibbert,0,0,0,0,0,0,0,0,0,4,0,0,0,0,0,0,0,0,0,1
Tarence Kinsey,19,0,0,0,0,0,0,0,0,0,1,0,0,0,0,0,0,0,0,0
Daequan Cook,0,12,6,0,0,0,0,12,0,4,0,1,1,0,0,0,0,2,0,1
Kyle Lowry,54,0,0,0,12,14,0,0,0,0,3,0,0,0,2,1,0,0,0,0
Jason Terry,0,0,4,0,0,0,19,0,0,12,0,0,1,0,0,0,1,0,0,1
Eric Gordon,3,136,27,0,0,0,21,4,0,0,1,2,3,0,0,0,2,2,0,0
Joe Alexander,6,0,0,0,0,0,0,0,0,0,1,0,0,0,0,0,0,0,0,0
Nicolas Batum,4,3,0,0,3,0,0,271,0,0,1,1,0,0,1,0,0,2,0,0
Pops Mensah-Bonsu,0,2,0,0,0,0,0,0,0,0,0,1,0,0,0,0,0,0,0,0
Jamario Moon,0,0,12,0,0,0,0,0,19,0,0,0,2,0,0,0,0,0,1,0
Bill Walker / Henry Walker,0,18,0,0,0,31,0,0,0,0,0,2,0,0,0,1,0,0,0,0
Patrick Mills / Patty Mills,179,0,0,0,0,0,0,0,0,0,2,0,0,0,0,0,0,0,0,0
Jeff Pendergraph / Jeff Ayres,0,15,0,0,0,0,0,0,53,7,0,1,0,0,0,0,0,0,1,1
Darrell Arthur,0,0,26,0,0,0,0,104,0,0,0,0,2,0,0,0,0,1,0,0
Tyler Hansbrough,2,0,0,9,0,0,0,0,0,0,1,0,0,1,0,0,0,0,0,0
Robin Lopez,30,30,0,0,50,0,0,0,0,0,1,1,0,0,1,0,0,0,0,0
Kevin Love,4,0,184,0,0,0,249,0,1,0,1,0,2,0,0,0,3,0,1,0
Aaron Gray,11,0,0,28,0,0,0,0,0,0,1,0,0,1,0,0,0,0,0,0
Tayshaun Prince,0,11,0,0,54,0,0,0,0,0,0,1,0,0,1,0,0,0,0,0
Chase Budinger,8,120,0,0,0,0,0,0,0,0,2,1,0,0,0,0,0,0,0,0
Antoine Wright,11,0,0,0,0,0,0,0,0,0,3,0,0,0,0,0,0,0,0,0
Luc Richard Mbah a Moute / Luc Mbah a Moute,28,237,0,0,0,0,0,0,0,0,3,5,0,0,0,0,0,0,0,0
Marreese Speights,0,28,0,0,0,0,0,0,0,0,0,1,0,0,0,0,0,0,0,0
DeAndre Jordan,4,0,0,0,0,0,0,0,0,0,1,0,0,0,0,0,0,0,0,0
Kyle Weaver,0,0,0,0,0,0,0,100,0,0,0,0,0,0,0,0,0,2,0,0
Ryan Gomes,12,0,0,0,0,0,0,0,0,0,1,0,0,0,0,0,0,0,0,0
JaVale McGee,0,5,0,2,0,0,0,0,0,0,0,1,0,1,0,0,0,0,0,0
Will Bynum,35,0,0,0,0,0,2,0,0,0,1,0,0,0,0,0,1,0,0,0
Jon Brockman,0,36,0,0,0,0,0,7,3,0,0,1,0,0,0,0,0,1,1,0
DeMar DeRozan,7,0,0,0,0,0,0,0,0,0,1,0,0,0,0,0,0,0,0,0
Michael Beasley,19,3,0,0,0,0,0,0,4,0,4,1,0,0,0,0,0,0,1,0
Mario Chalmers,7,7,0,0,0,0,22,0,0,0,1,1,0,0,0,0,2,0,0,0
Tyreke Evans,37,19,0,0,0,0,0,0,0,9,4,1,0,0,0,0,0,0,0,1
Jason Thompson,4,0,0,0,9,0,8,0,0,0,1,0,0,0,1,0,1,0,0,0
Ty Lawson,20,2,0,0,0,0,0,4,0,0,3,1,0,0,0,0,0,1,0,0
James Harden,0,0,12,0,0,0,0,0,0,0,0,0,1,0,0,0,0,0,0,0
Marc Gasol,2,0,0,0,0,0,0,0,0,8,1,0,0,0,0,0,0,0,0,1
David Andersen,0,0,0,0,191,0,0,0,0,0,0,0,0,0,1,0,0,0,0,0
Terrence Williams,2,0,0,0,0,0,0,0,196,0,1,0,0,0,0,0,0,0,2,0
James Johnson,4,0,0,0,0,0,0,0,0,0,2,0,0,0,0,0,0,0,0,0
Dominic McGuire,3,0,0,24,0,0,0,0,0,0,1,0,0,1,0,0,0,0,0,0
Wilson Chandler,7,0,356,7,0,0,0,4,5,0,2,0,3,1,0,0,0,1,1,0
Jason Maxiell,0,0,0,0,3,0,0,0,0,184,0,0,0,0,1,0,0,0,0,1
George Hill,6,0,0,0,0,0,0,0,0,5,1,0,0,0,0,0,0,0,0,2
Avery Bradley,26,0,0,0,0,0,0,226,0,0,1,0,0,0,0,0,0,1,0,0
Ed Davis (Adam),0,16,0,0,0,0,0,0,0,0,0,1,0,0,0,0,0,0,0,0
Tiago Splitter,15,0,6,9,1,0,0,0,0,0,2,0,1,1,1,0,0,0,0,0
Jonny Flynn,2,0,0,0,0,0,0,0,57,0,1,0,0,0,0,0,0,0,2,0
Ekpe Udoh,6,0,0,0,0,0,46,0,0,0,1,0,0,0,0,0,2,0,0,0
Rodrigue Beaubois,128,0,0,3,0,0,197,0,0,0,3,0,0,1,0,0,2,0,0,0
Pape Sy,0,0,0,0,136,0,0,0,0,0,0,0,0,0,1,0,0,0,0,0
Greivis Vasquez,3,0,0,0,0,0,0,0,0,0,1,0,0,0,0,0,0,0,0,0
Stephen Curry,226,0,0,0,0,0,0,0,0,0,6,0,0,0,0,0,0,0,0,0
Elliot Williams,335,329,0,0,0,0,0,9,0,0,1,1,0,0,0,0,0,1,0,0
Aaron Brooks,47,0,0,0,0,0,0,0,0,0,2,0,0,0,0,0,0,0,0,0
Andre Iguodala,35,4,0,0,0,0,0,0,0,0,3,1,0,0,0,0,0,0,0,0
Jeff Green,14,0,0,0,0,0,0,0,0,0,2,0,0,0,0,0,0,0,0,0
James Anderson,67,0,0,0,0,0,0,0,0,0,1,0,0,0,0,0,0,0,0,0
Gerald Henderson Jr.,26,29,0,0,0,0,0,0,0,0,1,1,0,0,0,0,0,0,0,0
John Wall (Hildred),5,74,0,0,0,0,0,0,0,0,1,1,0,0,0,0,0,0,0,0
Darren Collison,6,0,7,0,0,0,3,0,0,0,1,0,2,0,0,0,1,0,0,0
Nikola Pekovic,40,0,0,0,0,0,0,0,2,0,5,0,0,0,0,0,0,0,1,0
Derrick Rose,13,0,3,0,0,0,0,0,0,1,3,0,1,0,0,0,0,0,0,1
Nick Young,0,5,2,0,0,0,0,0,0,0,0,1,1,0,0,0,0,0,0,0
Anthony Tolliver,0,34,0,0,0,0,0,0,0,0,0,1,0,0,0,0,0,0,0,0
Rodney Carney,11,0,0,0,0,0,0,0,0,0,1,0,0,0,0,0,0,0,0,0
Derrick Favors,0,0,3,0,0,0,0,0,0,0,0,0,1,0,0,0,0,0,0,0
Damion James,83,0,0,0,0,0,0,0,0,8,3,0,0,0,0,0,0,0,0,1
Austin Daye,0,0,5,0,0,0,0,0,0,0,0,0,1,0,0,0,0,0,0,0
Brandon Jennings,27,0,0,0,0,0,0,0,0,0,3,0,0,0,0,0,0,0,0,0
Taj Gibson,4,30,0,0,0,0,0,0,0,1,1,2,0,0,0,0,0,0,0,1
Xavier Henry,19,19,0,0,0,0,0,0,0,0,1,1,0,0,0,0,0,0,0,0
Brandon Rush,15,332,0,0,0,0,0,0,0,0,1,1,0,0,0,0,0,0,0,0
Goran Dragic,16,0,0,0,0,0,0,0,1,0,1,0,0,0,0,0,0,0,1,0
Jordan Hill,7,20,0,0,0,0,0,0,101,0,1,1,0,0,0,0,0,0,1,0
Larry Sanders (b. 1988-11-21),0,2,0,0,16,0,0,0,0,0,0,1,0,0,2,0,0,0,0,0
Rudy Gay,3,0,0,0,0,0,0,0,0,0,1,0,0,0,0,0,0,0,0,0
Jerryd Bayless,11,6,0,0,0,0,0,0,187,0,2,2,0,0,0,0,0,0,1,0
Amir Johnson,9,0,0,0,0,0,0,0,0,0,2,0,0,0,0,0,0,0,0,0
Dominique Jones,227,0,0,0,0,0,0,0,0,0,1,0,0,0,0,0,0,0,0,0
Joey Dorsey,0,0,0,0,9,0,0,0,0,0,0,0,0,0,1,0,0,0,0,0
Ersan Ilyasova,3,1,2,0,5,0,167,0,0,29,1,1,1,0,1,0,1,0,0,2
Devin Ebanks,0,0,0,211,0,0,0,0,0,0,0,0,0,1,0,0,0,0,0,0
Anthony Morrow,0,0,0,0,4,0,0,0,7,4,0,0,0,0,1,0,0,0,1,1
Semih Erden,0,0,31,0,0,0,13,0,0,0,0,0,1,0,0,0,1,0,0,0
Luis Scola,0,12,0,0,0,0,0,0,0,0,0,1,0,0,0,0,0,0,0,0
Arron Afflalo,0,0,33,11,0,0,0,0,0,0,0,0,5,1,0,0,0,0,0,0
Josh Powell,0,0,3,0,0,0,0,0,0,0,0,0,1,0,0,0,0,0,0,0
Von Wafer,0,0,0,21,14,0,0,5,0,0,0,0,0,2,2,0,0,1,0,0
Cartier Martin,0,48,0,0,0,0,0,0,0,0,0,2,0,0,0,0,0,0,0,0
DeJuan Blair,0,0,0,0,0,0,2,0,0,0,0,0,0,0,0,0,1,0,0,0
Garrett Temple,2,0,0,0,0,0,0,0,0,0,1,0,0,0,0,0,0,0,0,0
Derrick Caracter,0,31,0,0,0,0,0,0,0,0,0,1,0,0,0,0,0,0,0,0
DeAndre Liggins,18,0,0,0,0,0,0,0,0,0,1,0,0,0,0,0,0,0,0,0
Brook Lopez,267,0,0,0,0,0,0,0,0,0,3,0,0,0,0,0,0,0,0,0
Jan Vesely,0,0,0,0,0,0,0,0,7,0,0,0,0,0,0,0,0,0,1,0
Hassan Whiteside,0,6,0,0,0,0,0,0,0,0,0,1,0,0,0,0,0,0,0,0
DaJuan Summers,0,14,0,0,0,0,0,0,0,0,0,1,0,0,0,0,0,0,0,0
Iman Shumpert,0,278,0,0,0,0,0,0,0,0,0,3,0,0,0,0,0,0,0,0
Eric Bledsoe,0,35,0,13,0,0,0,0,0,0,0,2,0,1,0,0,0,0,0,0
Courtney Lee,0,0,0,13,0,0,0,0,0,0,0,0,0,1,0,0,0,0,0,0
Eric Maynor,0,267,0,0,0,0,0,0,0,0,0,1,0,0,0,0,0,0,0,0
DeMarre Carroll,0,0,20,0,0,0,0,0,0,0,0,0,1,0,0,0,0,0,0,0
Josh Harrellson,0,0,0,0,0,0,35,0,0,0,0,0,0,0,0,0,2,0,0,0
Tristan Thompson,3,0,0,0,0,0,0,0,0,0,1,0,0,0,0,0,0,0,0,0
Ryan Anderson,6,0,0,2,0,0,0,0,0,0,1,0,0,1,0,0,0,0,0,0
Malcolm Lee,0,265,0,0,0,0,0,0,0,0,0,2,0,0,0,0,0,0,0,0
Jose Juan Barea / Jose Barea / J.J. Barea,8,0,0,2,0,0,0,0,0,0,2,0,0,1,0,0,0,0,0,0
Timofey Mozgov,13,6,0,0,0,0,0,0,0,0,1,1,0,0,0,0,0,0,0,0
Kyrie Irving,0,0,0,0,0,0,20,19,0,5,0,0,0,0,0,0,1,1,0,1
Dexter Pittman,0,0,29,0,0,0,0,6,0,0,0,0,2,0,0,0,0,1,0,0
Hasheem Thabeet,3,0,0,0,16,0,0,0,0,0,1,0,0,0,2,0,0,0,0,0
Christian Eyenga,7,0,0,0,0,0,0,0,0,0,1,0,0,0,0,0,0,0,0,0
Kawhi Leonard,0,34,0,2,0,0,0,0,0,0,0,4,0,1,0,0,0,0,0,0
J.J. Hickson,0,0,0,0,0,0,0,2,11,0,0,0,0,0,0,0,0,1,1,0
Bismack Biyombo,0,0,0,0,0,0,0,4,0,0,0,0,0,0,0,0,0,1,0,0
Kosta Koufos,0,10,0,0,0,0,0,0,0,0,0,2,0,0,0,0,0,0,0,0
Ricky Rubio,0,280,0,0,0,0,0,0,0,0,0,1,0,0,0,0,0,0,0,0
Gary Forbes,0,2,0,0,0,0,0,0,0,0,0,1,0,0,0,0,0,0,0,0
Earl Clark,0,0,3,0,0,0,0,0,0,0,0,0,1,0,0,0,0,0,0,0
Joel Anthony,0,0,3,0,0,0,0,0,0,0,0,0,1,0,0,0,0,0,0,0
Kevin Seraphin,0,0,0,4,0,0,0,0,0,0,0,0,0,1,0,0,0,0,0,0
Trey Thompkins,0,134,0,0,0,0,0,0,0,0,0,1,0,0,0,0,0,0,0,0
Patrick Patterson,7,0,2,0,0,0,0,0,0,0,1,0,1,0,0,0,0,0,0,0
DeQuan Jones,0,0,2,0,0,0,0,0,0,0,0,0,1,0,0,0,0,0,0,0
Greg Smith (b. 1991-01-08),110,0,0,0,0,0,0,0,0,0,1,0,0,0,0,0,0,0,0,0
Johan Petro,0,0,0,0,12,0,0,0,0,0,0,0,0,0,1,0,0,0,0,0
John Henson,0,5,0,0,0,0,0,0,0,0,0,1,0,0,0,0,0,0,0,0
Tyler Zeller,0,0,0,0,0,0,0,0,0,10,0,0,0,0,0,0,0,0,0,1
MarShon Brooks,6,0,0,0,0,0,0,0,0,0,1,0,0,0,0,0,0,0,0,0
Landry Fields,0,0,0,0,4,2,46,0,0,0,0,0,0,0,1,1,1,0,0,0
Luke Harangody,0,18,0,0,0,0,0,0,0,0,0,1,0,0,0,0,0,0,0,0
Trevor Booker,0,52,0,0,0,0,0,0,0,0,0,1,0,0,0,0,0,0,0,0
Victor Claver,9,0,0,0,0,17,0,0,0,0,1,0,0,0,0,1,0,0,0,0
Norris Cole (Gene),0,0,2,0,0,0,0,0,0,0,0,0,1,0,0,0,0,0,0,0
Dion Waiters,13,10,0,0,0,0,0,0,0,0,1,1,0,0,0,0,0,0,0,0
Wesley Matthews / Wes Matthews Jr.,177,0,0,0,0,0,0,0,9,0,2,0,0,0,0,0,0,0,2,0
Tobias Harris,0,0,0,0,0,1,0,0,0,0,0,0,0,0,0,1,0,0,0,0
Joel Freeland,0,0,0,0,0,0,4,0,0,0,0,0,0,0,0,0,1,0,0,0
Jonas Valanciunas,0,0,0,0,0,0,37,0,0,4,0,0,0,0,0,0,1,0,0,1
Quincy Pondexter,0,37,0,0,0,0,0,0,0,0,0,2,0,0,0,0,0,0,0,0
Meyers Leonard,18,0,0,0,0,0,0,0,0,0,1,0,0,0,0,0,0,0,0,0
Marcus Thornton (T.),3,0,0,0,0,0,6,0,0,0,1,0,0,0,0,0,1,0,0,0
Serge Ibaka,0,0,0,0,0,0,0,3,0,0,0,0,0,0,0,0,0,1,0,0
Gustavo Ayon,0,0,8,0,0,0,0,0,0,0,0,0,1,0,0,0,0,0,0,0
Jeremy Lamb,0,0,0,0,29,0,0,0,0,0,0,0,0,0,1,0,0,0,0,0
Jared Sullinger,0,0,0,0,242,0,0,0,0,0,0,0,0,0,1,0,0,0,0,0
Michael Kidd-Gilchrist,0,0,0,0,0,0,0,0,0,4,0,0,0,0,0,0,0,0,0,1
Thaddeus Young,0,0,18,0,0,0,0,0,0,0,0,0,1,0,0,0,0,0,0,0
Andre Drummond,0,0,0,0,49,0,0,0,0,0,0,0,0,0,1,0,0,0,0,0
Gary Neal,0,0,0,7,0,0,0,0,0,0,0,0,0,1,0,0,0,0,0,0
Nolan Smith,0,3,0,0,0,0,0,0,0,0,0,1,0,0,0,0,0,0,0,0
Bradley Beal,12,0,0,181,0,0,0,0,0,0,2,0,0,1,0,0,0,0,0,0
Marcin Gortat,207,0,0,0,0,0,0,0,0,0,1,0,0,0,0,0,0,0,0,0
Austin Rivers,0,0,0,0,0,0,206,0,0,0,0,0,0,0,0,0,1,0,0,0
Julyan Stone,0,21,0,0,0,0,0,0,0,0,0,1,0,0,0,0,0,0,0,0
Enes Kanter,0,0,0,0,0,0,0,186,0,0,0,0,0,0,0,0,0,1,0,0
Tony Wroten Jr.,0,0,0,0,0,0,0,0,0,4,0,0,0,0,0,0,0,0,0,1
Kenneth Faried,6,0,0,0,0,0,0,0,0,0,1,0,0,0,0,0,0,0,0,0
Pablo Prigioni,3,0,0,0,0,0,0,0,0,0,1,0,0,0,0,0,0,0,0,0
Blake Griffin,0,0,158,0,0,0,0,0,0,0,0,0,1,0,0,0,0,0,0,0
Steve Novak,0,0,0,0,4,0,0,0,0,0,0,0,0,0,1,0,0,0,0,0
Jon Leuer,127,0,0,0,0,0,0,0,0,0,1,0,0,0,0,0,0,0,0,0
